[
  {
    "id": "cf93725b-edc0-48dc-a03d-a55e4a0802c4",
    "data": [
      {
        "text": "that\u0027s right",
        "userDefined": false
      }
    ],
    "isTemplate": false,
    "count": 0,
    "updated": 0
  },
  {
    "id": "a4bb718d-099d-421f-ba35-7597c05449d4",
    "data": [
      {
        "text": "thanks that\u0027s good",
        "userDefined": false
      }
    ],
    "isTemplate": false,
    "count": 0,
    "updated": 0
  },
  {
    "id": "0f1e170f-2998-4d38-a0c6-d46ee252947c",
    "data": [
      {
        "text": "that\u0027s correct",
        "userDefined": false
      }
    ],
    "isTemplate": false,
    "count": 0,
    "updated": 0
  },
  {
    "id": "115d20ed-f13a-4973-bb7b-f3f4388ddb6a",
    "data": [
      {
        "text": "that\u0027s good",
        "userDefined": false
      }
    ],
    "isTemplate": false,
    "count": 0,
    "updated": 0
  },
  {
    "id": "505070a9-f90e-4af2-9bae-29d5510dbcca",
    "data": [
      {
        "text": "yeah",
        "alias": "bool",
        "meta": "@bool",
        "userDefined": false
      },
      {
        "text": " ",
        "userDefined": false
      },
      {
        "text": "that",
        "meta": "@sys.ignore",
        "userDefined": false
      },
      {
        "text": "\u0027s right",
        "userDefined": false
      }
    ],
    "isTemplate": false,
    "count": 0,
    "updated": 0
  },
  {
    "id": "5454d2ba-0c3e-45e1-a232-f8f1c40d567e",
    "data": [
      {
        "text": "yup",
        "alias": "bool",
        "meta": "@bool",
        "userDefined": false
      }
    ],
    "isTemplate": false,
    "count": 0,
    "updated": 0
  },
  {
    "id": "eb5f5d9b-6a14-4811-957c-7829280325a5",
    "data": [
      {
        "text": "yeah",
        "alias": "bool",
        "meta": "@bool",
        "userDefined": false
      },
      {
        "text": " ",
        "userDefined": false
      },
      {
        "text": "that",
        "meta": "@sys.ignore",
        "userDefined": false
      },
      {
        "text": "\u0027s great",
        "userDefined": false
      }
    ],
    "isTemplate": false,
    "count": 0,
    "updated": 0
  },
  {
    "id": "2559c20e-ae14-4476-941a-5dd7e9d217cc",
    "data": [
      {
        "text": "yes",
        "alias": "bool",
        "meta": "@bool",
        "userDefined": false
      }
    ],
    "isTemplate": false,
    "count": 0,
    "updated": 0
  }
]