[
  {
    "id": "28ce2d57-067c-44f5-bfc8-a7b3a8f18105",
    "data": [
      {
        "text": "yes",
        "alias": "blind",
        "meta": "@bool",
        "userDefined": false
      }
    ],
    "isTemplate": false,
    "count": 0,
    "updated": 0
  },
  {
    "id": "fed86ebb-4a37-4f5d-97b4-47c29abe29b7",
    "data": [
      {
        "text": "yup",
        "alias": "blind",
        "meta": "@bool",
        "userDefined": false
      }
    ],
    "isTemplate": false,
    "count": 0,
    "updated": 0
  },
  {
    "id": "3e9cd6c9-e3fb-4193-884b-af73712655d4",
    "data": [
      {
        "text": "yeah",
        "alias": "blind",
        "meta": "@bool",
        "userDefined": false
      }
    ],
    "isTemplate": false,
    "count": 0,
    "updated": 0
  },
  {
    "id": "89f97f55-1df1-4f02-9441-1b97902affaa",
    "data": [
      {
        "text": "nope",
        "alias": "blind",
        "meta": "@bool",
        "userDefined": false
      }
    ],
    "isTemplate": false,
    "count": 0,
    "updated": 0
  },
  {
    "id": "a5aa6e51-ed9d-4d62-9616-e46a935af066",
    "data": [
      {
        "text": "heck ",
        "userDefined": false
      },
      {
        "text": "no",
        "alias": "blind",
        "meta": "@bool",
        "userDefined": false
      }
    ],
    "isTemplate": false,
    "count": 0,
    "updated": 0
  },
  {
    "id": "7419e89f-c8b6-404d-8174-f96f595c9be3",
    "data": [
      {
        "text": "fortunately ",
        "userDefined": false
      },
      {
        "text": "not",
        "alias": "blind",
        "meta": "@bool",
        "userDefined": true
      }
    ],
    "isTemplate": false,
    "count": 0,
    "updated": 0
  },
  {
    "id": "e9ced6db-d8fd-4487-b627-177c3784a154",
    "data": [
      {
        "text": "no",
        "alias": "blind",
        "meta": "@bool",
        "userDefined": false
      },
      {
        "text": " stupid",
        "userDefined": false
      }
    ],
    "isTemplate": false,
    "count": 0,
    "updated": 0
  },
  {
    "id": "9f2bef13-00dd-4899-9252-b701993636ca",
    "data": [
      {
        "text": "hell ",
        "userDefined": false
      },
      {
        "text": "no",
        "alias": "blind",
        "meta": "@bool",
        "userDefined": false
      }
    ],
    "isTemplate": false,
    "count": 1,
    "updated": 0
  },
  {
    "id": "b24c31a9-ee10-4394-8209-0124b22c3906",
    "data": [
      {
        "text": "thankfully ",
        "userDefined": false
      },
      {
        "text": "no",
        "alias": "blind",
        "meta": "@bool",
        "userDefined": false
      }
    ],
    "isTemplate": false,
    "count": 1,
    "updated": 0
  },
  {
    "id": "c7581c9b-d510-4d1b-959b-17cd09eb9347",
    "data": [
      {
        "text": "no",
        "alias": "blind",
        "meta": "@bool",
        "userDefined": true
      },
      {
        "text": " I\u0027m not blind",
        "userDefined": false
      }
    ],
    "isTemplate": false,
    "count": 0,
    "updated": 0
  }
]