[
  {
    "id": "a439fba0-6fe0-44b1-a414-14f97dd5537b",
    "data": [
      {
        "text": "My ",
        "userDefined": false
      },
      {
        "text": "daughter",
        "alias": "dependent-relation",
        "meta": "@relationship_to_filer",
        "userDefined": false
      },
      {
        "text": "\u0027s full name is ",
        "userDefined": false
      },
      {
        "text": "Kate",
        "alias": "dependent-given-name",
        "meta": "@sys.given-name",
        "userDefined": false
      },
      {
        "text": " ",
        "userDefined": false
      },
      {
        "text": "Jordan",
        "meta": "@sys.ignore",
        "userDefined": false
      },
      {
        "text": " ",
        "userDefined": false
      },
      {
        "text": "Travis",
        "alias": "dependent-last-name",
        "meta": "@sys.last-name",
        "userDefined": false
      },
      {
        "text": " and she is ",
        "userDefined": false
      },
      {
        "text": "26",
        "alias": "dependent-age",
        "meta": "@sys.number",
        "userDefined": false
      },
      {
        "text": ".",
        "userDefined": false
      }
    ],
    "isTemplate": false,
    "count": 0,
    "updated": 0
  },
  {
    "id": "095f2c2a-46b9-46fd-b98b-5acb1174c0f6",
    "data": [
      {
        "text": "My ",
        "userDefined": false
      },
      {
        "text": "daughter",
        "alias": "dependent-relation",
        "meta": "@relationship_to_filer",
        "userDefined": false
      },
      {
        "text": " is ",
        "userDefined": false
      },
      {
        "text": "15",
        "alias": "dependent-age",
        "meta": "@sys.number",
        "userDefined": false
      },
      {
        "text": " and her name is ",
        "userDefined": false
      },
      {
        "text": "Kate",
        "alias": "dependent-given-name",
        "meta": "@sys.given-name",
        "userDefined": false
      },
      {
        "text": ".",
        "userDefined": false
      }
    ],
    "isTemplate": false,
    "count": 0,
    "updated": 0
  },
  {
    "id": "2a46d4ab-abf9-43c8-b5ce-c250952c516e",
    "data": [
      {
        "text": "My ",
        "userDefined": false
      },
      {
        "text": "daughter",
        "alias": "dependent-relation",
        "meta": "@relationship_to_filer",
        "userDefined": false
      },
      {
        "text": "\u0027s full name is ",
        "userDefined": false
      },
      {
        "text": "Kate",
        "alias": "dependent-given-name",
        "meta": "@sys.given-name",
        "userDefined": false
      },
      {
        "text": " ",
        "userDefined": false
      },
      {
        "text": "Travis",
        "alias": "dependent-last-name",
        "meta": "@sys.last-name",
        "userDefined": false
      },
      {
        "text": ". She is ",
        "userDefined": false
      },
      {
        "text": "15",
        "alias": "dependent-age",
        "meta": "@sys.number",
        "userDefined": false
      },
      {
        "text": " years old.",
        "userDefined": false
      }
    ],
    "isTemplate": false,
    "count": 0,
    "updated": 0
  },
  {
    "id": "6bd6cd64-17d7-4e56-b2e2-e8b4a36028f4",
    "data": [
      {
        "text": "My ",
        "userDefined": false
      },
      {
        "text": "son",
        "alias": "dependent-relation",
        "meta": "@relationship_to_filer",
        "userDefined": false
      },
      {
        "text": "\u0027s name is ",
        "userDefined": false
      },
      {
        "text": "Matt",
        "alias": "dependent-given-name",
        "meta": "@sys.given-name",
        "userDefined": false
      },
      {
        "text": ", and he\u0027s ",
        "userDefined": false
      },
      {
        "text": "12",
        "alias": "dependent-age",
        "meta": "@sys.number",
        "userDefined": false
      },
      {
        "text": " years old.",
        "userDefined": false
      }
    ],
    "isTemplate": false,
    "count": 0,
    "updated": 0
  },
  {
    "id": "27085d18-171e-4da4-bcdf-7e617ef44137",
    "data": [
      {
        "text": "Matthew",
        "alias": "dependent-given-name",
        "meta": "@sys.given-name",
        "userDefined": false
      },
      {
        "text": " is the name of my ",
        "userDefined": false
      },
      {
        "text": "son",
        "alias": "dependent-relation",
        "meta": "@relationship_to_filer",
        "userDefined": false
      },
      {
        "text": ". He\u0027s ",
        "userDefined": false
      },
      {
        "text": "12",
        "alias": "dependent-age",
        "meta": "@sys.number",
        "userDefined": false
      },
      {
        "text": ".",
        "userDefined": false
      }
    ],
    "isTemplate": false,
    "count": 0,
    "updated": 0
  },
  {
    "id": "c6925634-7e96-4c84-bb7a-109808a9fecd",
    "data": [
      {
        "text": "Barney",
        "alias": "dependent-given-name",
        "meta": "@sys.given-name",
        "userDefined": false
      },
      {
        "text": " ",
        "userDefined": false
      },
      {
        "text": "Rootman",
        "alias": "dependent-last-name",
        "meta": "@sys.last-name",
        "userDefined": true
      },
      {
        "text": " is my ",
        "userDefined": false
      },
      {
        "text": "husband",
        "alias": "dependent-relation",
        "meta": "@relationship_to_filer",
        "userDefined": false
      },
      {
        "text": ", and he is ",
        "userDefined": false
      },
      {
        "text": "89",
        "alias": "dependent-age",
        "meta": "@sys.number",
        "userDefined": false
      },
      {
        "text": ".",
        "userDefined": false
      }
    ],
    "isTemplate": false,
    "count": 0,
    "updated": 0
  },
  {
    "id": "cd486b53-d1ff-4dc7-b735-69f84c8f4116",
    "data": [
      {
        "text": "I have a ",
        "userDefined": false
      },
      {
        "text": "wife",
        "alias": "dependent-relation",
        "meta": "@relationship_to_filer",
        "userDefined": false
      },
      {
        "text": " named ",
        "userDefined": false
      },
      {
        "text": "Genie",
        "alias": "dependent-given-name",
        "meta": "@sys.given-name",
        "userDefined": false
      },
      {
        "text": " ",
        "userDefined": false
      },
      {
        "text": "Geeman",
        "alias": "dependent-last-name",
        "meta": "@sys.last-name",
        "userDefined": true
      },
      {
        "text": ", and she is ",
        "userDefined": false
      },
      {
        "text": "44",
        "alias": "dependent-age",
        "meta": "@sys.number",
        "userDefined": false
      },
      {
        "text": ".",
        "userDefined": false
      }
    ],
    "isTemplate": false,
    "count": 0,
    "updated": 0
  },
  {
    "id": "58b8c8de-eb85-4857-bf84-531607fd3ce5",
    "data": [
      {
        "text": "Henry",
        "alias": "dependent-given-name",
        "meta": "@sys.given-name",
        "userDefined": false
      },
      {
        "text": " ",
        "userDefined": false
      },
      {
        "text": "O\u0027Reardon",
        "alias": "dependent-last-name",
        "meta": "@sys.last-name",
        "userDefined": false
      },
      {
        "text": " is my ",
        "userDefined": false
      },
      {
        "text": "son",
        "alias": "dependent-relation",
        "meta": "@relationship_to_filer",
        "userDefined": false
      },
      {
        "text": ", and he\u0027s ",
        "userDefined": false
      },
      {
        "text": "16",
        "alias": "dependent-age",
        "meta": "@sys.number",
        "userDefined": false
      },
      {
        "text": ".",
        "userDefined": false
      }
    ],
    "isTemplate": false,
    "count": 0,
    "updated": 0
  },
  {
    "id": "cf99c150-4292-45ee-b434-94b33a689aa2",
    "data": [
      {
        "text": "Barbara",
        "alias": "dependent-given-name",
        "meta": "@sys.given-name",
        "userDefined": false
      },
      {
        "text": " ",
        "userDefined": false
      },
      {
        "text": "Blanks",
        "alias": "dependent-last-name",
        "meta": "@sys.last-name",
        "userDefined": false
      },
      {
        "text": ", ",
        "userDefined": false
      },
      {
        "text": "27",
        "alias": "dependent-age",
        "meta": "@sys.number",
        "userDefined": false
      },
      {
        "text": ", ",
        "userDefined": false
      },
      {
        "text": "wife",
        "alias": "dependent-relation",
        "meta": "@relationship_to_filer",
        "userDefined": false
      }
    ],
    "isTemplate": false,
    "count": 0,
    "updated": 0
  },
  {
    "id": "2bffd6e1-6132-4b88-80fc-cb92aba4d453",
    "data": [
      {
        "text": "That would be my ",
        "userDefined": false
      },
      {
        "text": "son",
        "alias": "dependent-relation",
        "meta": "@relationship_to_filer",
        "userDefined": false
      },
      {
        "text": " ",
        "userDefined": false
      },
      {
        "text": "Franklin",
        "alias": "dependent-given-name",
        "meta": "@sys.given-name",
        "userDefined": false
      },
      {
        "text": " ",
        "userDefined": false
      },
      {
        "text": "Jones",
        "alias": "dependent-last-name",
        "meta": "@sys.last-name",
        "userDefined": false
      },
      {
        "text": ", and he\u0027s ",
        "userDefined": false
      },
      {
        "text": "11",
        "alias": "dependent-age",
        "meta": "@sys.number",
        "userDefined": false
      },
      {
        "text": ".",
        "userDefined": false
      }
    ],
    "isTemplate": false,
    "count": 0,
    "updated": 0
  },
  {
    "id": "d31d7a9c-5f31-41f8-9666-82066312077b",
    "data": [
      {
        "text": "Daryn",
        "alias": "dependent-given-name",
        "meta": "@sys.given-name",
        "userDefined": false
      },
      {
        "text": " is my ",
        "userDefined": false
      },
      {
        "text": "31",
        "alias": "dependent-age",
        "meta": "@sys.number",
        "userDefined": false
      },
      {
        "text": " year old ",
        "userDefined": false
      },
      {
        "text": "son",
        "alias": "dependent-relation",
        "meta": "@relationship_to_filer",
        "userDefined": false
      }
    ],
    "isTemplate": false,
    "count": 0,
    "updated": 0
  },
  {
    "id": "3761008e-66a7-4868-a918-ca5f3b59fd5d",
    "data": [
      {
        "text": "His name is ",
        "userDefined": false
      },
      {
        "text": "Daryn",
        "alias": "dependent-given-name",
        "meta": "@sys.given-name",
        "userDefined": false
      },
      {
        "text": ", he\u0027s ",
        "userDefined": false
      },
      {
        "text": "31",
        "alias": "dependent-age",
        "meta": "@sys.number",
        "userDefined": false
      },
      {
        "text": " and he\u0027s my ",
        "userDefined": false
      },
      {
        "text": "son",
        "alias": "dependent-relation",
        "meta": "@relationship_to_filer",
        "userDefined": false
      }
    ],
    "isTemplate": false,
    "count": 0,
    "updated": 0
  },
  {
    "id": "874c0c11-fcfc-4950-89ae-bed9c195c611",
    "data": [
      {
        "text": "My ",
        "userDefined": false
      },
      {
        "text": "son",
        "alias": "dependent-relation",
        "meta": "@relationship_to_filer",
        "userDefined": false
      },
      {
        "text": " is ",
        "userDefined": false
      },
      {
        "text": "31",
        "alias": "dependent-age",
        "meta": "@sys.number",
        "userDefined": false
      },
      {
        "text": " and his name is ",
        "userDefined": false
      },
      {
        "text": "Daryn",
        "alias": "dependent-given-name",
        "meta": "@sys.given-name",
        "userDefined": false
      }
    ],
    "isTemplate": false,
    "count": 0,
    "updated": 0
  },
  {
    "id": "f2587a10-ea37-46d6-8257-2243c98a41cd",
    "data": [
      {
        "text": "Daryn",
        "alias": "dependent-given-name",
        "meta": "@sys.given-name",
        "userDefined": false
      },
      {
        "text": " ",
        "userDefined": false
      },
      {
        "text": "Michael",
        "alias": "dependent-last-name",
        "meta": "@sys.last-name",
        "userDefined": false
      },
      {
        "text": ", ",
        "userDefined": false
      },
      {
        "text": "31",
        "alias": "dependent-age",
        "meta": "@sys.number",
        "userDefined": false
      },
      {
        "text": ", ",
        "userDefined": false
      },
      {
        "text": "son",
        "alias": "dependent-relation",
        "meta": "@relationship_to_filer",
        "userDefined": false
      }
    ],
    "isTemplate": false,
    "count": 0,
    "updated": 0
  },
  {
    "id": "30285437-9b89-4dc1-a252-2eaadbc872b9",
    "data": [
      {
        "text": "I have a ",
        "userDefined": false
      },
      {
        "text": "31",
        "alias": "dependent-age",
        "meta": "@sys.number",
        "userDefined": false
      },
      {
        "text": " year old ",
        "userDefined": false
      },
      {
        "text": "son",
        "alias": "dependent-relation",
        "meta": "@relationship_to_filer",
        "userDefined": false
      },
      {
        "text": " named ",
        "userDefined": false
      },
      {
        "text": "Daryn",
        "alias": "dependent-given-name",
        "meta": "@sys.given-name",
        "userDefined": false
      }
    ],
    "isTemplate": false,
    "count": 0,
    "updated": 0
  },
  {
    "id": "ccd53445-c70a-4428-985a-a90dfe2e9158",
    "data": [
      {
        "text": "My ",
        "userDefined": false
      },
      {
        "text": "son",
        "alias": "dependent-relation",
        "meta": "@relationship_to_filer",
        "userDefined": false
      },
      {
        "text": "\u0027s full name is ",
        "userDefined": false
      },
      {
        "text": "Gino",
        "alias": "dependent-given-name",
        "meta": "@sys.given-name",
        "userDefined": false
      },
      {
        "text": " ",
        "userDefined": false
      },
      {
        "text": "Gacula",
        "alias": "dependent-last-name",
        "meta": "@sys.last-name",
        "userDefined": false
      },
      {
        "text": ", and he is ",
        "userDefined": false
      },
      {
        "text": "5",
        "alias": "dependent-age",
        "meta": "@sys.number",
        "userDefined": false
      },
      {
        "text": " years old.",
        "userDefined": false
      }
    ],
    "isTemplate": false,
    "count": 0,
    "updated": 0
  },
  {
    "id": "4e93fe1c-a02e-4e45-830a-d550a48085b5",
    "data": [
      {
        "text": "My ",
        "userDefined": false
      },
      {
        "text": "first",
        "alias": "dependent-age",
        "meta": "@sys.number",
        "userDefined": false
      },
      {
        "text": " dependent\u0027s full name is ",
        "userDefined": false
      },
      {
        "text": "Jennifer",
        "alias": "dependent-given-name",
        "meta": "@sys.given-name",
        "userDefined": false
      },
      {
        "text": " ",
        "userDefined": false
      },
      {
        "text": "Gacula",
        "alias": "dependent-last-name",
        "meta": "@sys.last-name",
        "userDefined": false
      },
      {
        "text": ". She\u0027s ",
        "userDefined": false
      },
      {
        "text": "7",
        "alias": "dependent-age",
        "meta": "@sys.number",
        "userDefined": false
      },
      {
        "text": " years old, and she is my ",
        "userDefined": false
      },
      {
        "text": "daughter",
        "alias": "dependent-relation",
        "meta": "@relationship_to_filer",
        "userDefined": false
      },
      {
        "text": ".",
        "userDefined": false
      }
    ],
    "isTemplate": false,
    "count": 0,
    "updated": 0
  },
  {
    "id": "e8fbb2eb-ad5d-4640-a81c-bedf0693f5f1",
    "data": [
      {
        "text": "Steven",
        "alias": "dependent-given-name",
        "meta": "@sys.given-name",
        "userDefined": false
      },
      {
        "text": " ",
        "userDefined": false
      },
      {
        "text": "Gacula",
        "alias": "dependent-last-name",
        "meta": "@sys.last-name",
        "userDefined": false
      },
      {
        "text": ", ",
        "userDefined": false
      },
      {
        "text": "8",
        "alias": "dependent-age",
        "meta": "@sys.number",
        "userDefined": false
      },
      {
        "text": ", ",
        "userDefined": false
      },
      {
        "text": "son",
        "alias": "dependent-relation",
        "meta": "@relationship_to_filer",
        "userDefined": false
      }
    ],
    "isTemplate": false,
    "count": 0,
    "updated": 0
  },
  {
    "id": "b3814ab8-317c-48e6-b8ca-2af4b676253c",
    "data": [
      {
        "text": "My ",
        "userDefined": false
      },
      {
        "text": "daughter",
        "alias": "dependent-relation",
        "meta": "@relationship_to_filer",
        "userDefined": false
      },
      {
        "text": " ",
        "userDefined": false
      },
      {
        "text": "Amanda",
        "alias": "dependent-given-name",
        "meta": "@sys.given-name",
        "userDefined": false
      },
      {
        "text": " ",
        "userDefined": false
      },
      {
        "text": "Marie",
        "meta": "@sys.ignore",
        "userDefined": false
      },
      {
        "text": " ",
        "userDefined": false
      },
      {
        "text": "Gacula",
        "alias": "dependent-last-name",
        "meta": "@sys.last-name",
        "userDefined": false
      },
      {
        "text": " is ",
        "userDefined": false
      },
      {
        "text": "10",
        "alias": "dependent-age",
        "meta": "@sys.number",
        "userDefined": false
      },
      {
        "text": " years old.",
        "userDefined": false
      }
    ],
    "isTemplate": false,
    "count": 0,
    "updated": 0
  },
  {
    "id": "4c575291-d6b6-477b-9cdb-a04e11b04780",
    "data": [
      {
        "text": "Earl",
        "alias": "dependent-given-name",
        "meta": "@sys.given-name",
        "userDefined": false
      },
      {
        "text": " ",
        "userDefined": false
      },
      {
        "text": "Davis",
        "meta": "@sys.ignore",
        "userDefined": false
      },
      {
        "text": " ",
        "userDefined": false
      },
      {
        "text": "Gacula",
        "alias": "dependent-last-name",
        "meta": "@sys.last-name",
        "userDefined": false
      },
      {
        "text": ". He\u0027s ",
        "userDefined": false
      },
      {
        "text": "15",
        "alias": "dependent-age",
        "meta": "@sys.number",
        "userDefined": false
      },
      {
        "text": " years old, and he is my ",
        "userDefined": false
      },
      {
        "text": "son",
        "alias": "dependent-relation",
        "meta": "@relationship_to_filer",
        "userDefined": false
      },
      {
        "text": ".",
        "userDefined": false
      }
    ],
    "isTemplate": false,
    "count": 0,
    "updated": 0
  },
  {
    "id": "58a0fc20-d533-4eae-9196-df1ad1ee4f33",
    "data": [
      {
        "text": "I have a ",
        "userDefined": false
      },
      {
        "text": "son",
        "alias": "dependent-relation",
        "meta": "@relationship_to_filer",
        "userDefined": false
      },
      {
        "text": " who is named ",
        "userDefined": false
      },
      {
        "text": "David",
        "alias": "dependent-given-name",
        "meta": "@sys.given-name",
        "userDefined": false
      },
      {
        "text": " ",
        "userDefined": false
      },
      {
        "text": "Nguyen",
        "alias": "dependent-last-name",
        "meta": "@sys.last-name",
        "userDefined": false
      },
      {
        "text": " and he is ",
        "userDefined": false
      },
      {
        "text": "16",
        "alias": "dependent-age",
        "meta": "@sys.number",
        "userDefined": false
      },
      {
        "text": ".",
        "userDefined": false
      }
    ],
    "isTemplate": false,
    "count": 0,
    "updated": 0
  },
  {
    "id": "fb383f86-2f65-4e34-9266-8a3ed7966381",
    "data": [
      {
        "text": "I have a ",
        "userDefined": false
      },
      {
        "text": "daughter",
        "alias": "dependent-relation",
        "meta": "@relationship_to_filer",
        "userDefined": false
      },
      {
        "text": " named ",
        "userDefined": false
      },
      {
        "text": "Alexis",
        "alias": "dependent-given-name",
        "meta": "@sys.given-name",
        "userDefined": false
      },
      {
        "text": " ",
        "userDefined": false
      },
      {
        "text": "Nguyen",
        "alias": "dependent-last-name",
        "meta": "@sys.last-name",
        "userDefined": false
      },
      {
        "text": " who is ",
        "userDefined": false
      },
      {
        "text": "17",
        "alias": "dependent-age",
        "meta": "@sys.number",
        "userDefined": false
      },
      {
        "text": ".",
        "userDefined": false
      }
    ],
    "isTemplate": false,
    "count": 0,
    "updated": 0
  },
  {
    "id": "4c2426e5-5981-4b5f-9627-a8bdddd97b84",
    "data": [
      {
        "text": "My ",
        "userDefined": false
      },
      {
        "text": "husband",
        "alias": "dependent-relation",
        "meta": "@relationship_to_filer",
        "userDefined": false
      },
      {
        "text": " is ",
        "userDefined": false
      },
      {
        "text": "35",
        "alias": "dependent-age",
        "meta": "@sys.number",
        "userDefined": false
      },
      {
        "text": " years old and her name is ",
        "userDefined": false
      },
      {
        "text": "Jane",
        "alias": "dependent-given-name",
        "meta": "@sys.given-name",
        "userDefined": false
      },
      {
        "text": " ",
        "userDefined": false
      },
      {
        "text": "Doe",
        "alias": "dependent-last-name",
        "meta": "@sys.last-name",
        "userDefined": false
      },
      {
        "text": ".",
        "userDefined": false
      }
    ],
    "isTemplate": false,
    "count": 0,
    "updated": 0
  },
  {
    "id": "ab0add44-32d5-4668-931a-8805afe81581",
    "data": [
      {
        "text": "Jade",
        "alias": "dependent-given-name",
        "meta": "@sys.given-name",
        "userDefined": false
      },
      {
        "text": " ",
        "userDefined": false
      },
      {
        "text": "Guy",
        "alias": "dependent-last-name",
        "meta": "@sys.last-name",
        "userDefined": false
      },
      {
        "text": ", ",
        "userDefined": false
      },
      {
        "text": "16",
        "alias": "dependent-age",
        "meta": "@sys.number",
        "userDefined": false
      },
      {
        "text": ", ",
        "userDefined": false
      },
      {
        "text": "daughter",
        "alias": "dependent-relation",
        "meta": "@relationship_to_filer",
        "userDefined": false
      }
    ],
    "isTemplate": false,
    "count": 0,
    "updated": 0
  },
  {
    "id": "23343fa7-969a-4dde-acf7-ac657744c430",
    "data": [
      {
        "text": "Alex",
        "alias": "dependent-given-name",
        "meta": "@sys.given-name",
        "userDefined": false
      },
      {
        "text": " ",
        "userDefined": false
      },
      {
        "text": "Bay",
        "alias": "dependent-last-name",
        "meta": "@sys.last-name",
        "userDefined": true
      },
      {
        "text": ", ",
        "userDefined": false
      },
      {
        "text": "15",
        "alias": "dependent-age",
        "meta": "@sys.number",
        "userDefined": false
      },
      {
        "text": ", ",
        "userDefined": false
      },
      {
        "text": "son",
        "alias": "dependent-relation",
        "meta": "@relationship_to_filer",
        "userDefined": false
      }
    ],
    "isTemplate": false,
    "count": 0,
    "updated": 0
  },
  {
    "id": "58000f31-5ef3-41b1-bcce-0e1763ef6934",
    "data": [
      {
        "text": "My ",
        "userDefined": false
      },
      {
        "text": "daughter",
        "alias": "dependent-relation",
        "meta": "@relationship_to_filer",
        "userDefined": false
      },
      {
        "text": " is ",
        "userDefined": false
      },
      {
        "text": "26",
        "alias": "dependent-age",
        "meta": "@sys.number",
        "userDefined": false
      },
      {
        "text": ", and her name is ",
        "userDefined": false
      },
      {
        "text": "Kate",
        "alias": "dependent-given-name",
        "meta": "@sys.given-name",
        "userDefined": false
      },
      {
        "text": ".",
        "userDefined": false
      }
    ],
    "isTemplate": false,
    "count": 0,
    "updated": 0
  },
  {
    "id": "7ac30337-d363-4f15-9fbe-05c863de9ddc",
    "data": [
      {
        "text": "My ",
        "userDefined": false
      },
      {
        "text": "daughter",
        "alias": "dependent-relation",
        "meta": "@relationship_to_filer",
        "userDefined": false
      },
      {
        "text": " is named ",
        "userDefined": false
      },
      {
        "text": "Kate",
        "alias": "dependent-given-name",
        "meta": "@sys.given-name",
        "userDefined": false
      },
      {
        "text": " ",
        "userDefined": false
      },
      {
        "text": "Travis",
        "alias": "dependent-last-name",
        "meta": "@sys.last-name",
        "userDefined": false
      },
      {
        "text": " and she\u0027s ",
        "userDefined": false
      },
      {
        "text": "26",
        "alias": "dependent-age",
        "meta": "@sys.number",
        "userDefined": false
      },
      {
        "text": ".",
        "userDefined": false
      }
    ],
    "isTemplate": false,
    "count": 0,
    "updated": 0
  },
  {
    "id": "fcfc0696-bec2-4e3f-9337-d8be1eb00d43",
    "data": [
      {
        "text": "Kate",
        "alias": "dependent-given-name",
        "meta": "@sys.given-name",
        "userDefined": false
      },
      {
        "text": " ",
        "userDefined": false
      },
      {
        "text": "Travis",
        "alias": "dependent-last-name",
        "meta": "@sys.last-name",
        "userDefined": false
      },
      {
        "text": " is the full name of my ",
        "userDefined": false
      },
      {
        "text": "daughter",
        "alias": "dependent-relation",
        "meta": "@relationship_to_filer",
        "userDefined": false
      },
      {
        "text": ". She\u0027s ",
        "userDefined": false
      },
      {
        "text": "26",
        "alias": "dependent-age",
        "meta": "@sys.number",
        "userDefined": false
      },
      {
        "text": ".",
        "userDefined": false
      }
    ],
    "isTemplate": false,
    "count": 0,
    "updated": 0
  },
  {
    "id": "10810c52-99f9-4507-bb43-2e98a24b06e3",
    "data": [
      {
        "text": "My ",
        "userDefined": false
      },
      {
        "text": "daughter",
        "alias": "dependent-relation",
        "meta": "@relationship_to_filer",
        "userDefined": false
      },
      {
        "text": "\u0027s name is ",
        "userDefined": false
      },
      {
        "text": "Kate",
        "alias": "dependent-given-name",
        "meta": "@sys.given-name",
        "userDefined": false
      },
      {
        "text": " ",
        "userDefined": false
      },
      {
        "text": "Travis",
        "alias": "dependent-last-name",
        "meta": "@sys.last-name",
        "userDefined": false
      },
      {
        "text": ". She\u0027s ",
        "userDefined": false
      },
      {
        "text": "26",
        "alias": "dependent-age",
        "meta": "@sys.number",
        "userDefined": false
      },
      {
        "text": " years old.",
        "userDefined": false
      }
    ],
    "isTemplate": false,
    "count": 0,
    "updated": 0
  },
  {
    "id": "0d65d3d4-03e2-4bf5-bb28-86702b8e33a1",
    "data": [
      {
        "text": "My ",
        "userDefined": false
      },
      {
        "text": "daughter",
        "alias": "dependent-relation",
        "meta": "@relationship_to_filer",
        "userDefined": false
      },
      {
        "text": "\u0027s name is ",
        "userDefined": false
      },
      {
        "text": "Kate",
        "alias": "dependent-given-name",
        "meta": "@sys.given-name",
        "userDefined": false
      },
      {
        "text": ", and she\u0027s ",
        "userDefined": false
      },
      {
        "text": "26",
        "alias": "dependent-age",
        "meta": "@sys.number",
        "userDefined": false
      },
      {
        "text": ".",
        "userDefined": false
      }
    ],
    "isTemplate": false,
    "count": 0,
    "updated": 0
  },
  {
    "id": "c288036b-9fb2-4a44-8162-64f56b024624",
    "data": [
      {
        "text": "My ",
        "userDefined": false
      },
      {
        "text": "wife",
        "alias": "dependent-relation",
        "meta": "@relationship_to_filer",
        "userDefined": false
      },
      {
        "text": " is ",
        "userDefined": false
      },
      {
        "text": "29",
        "alias": "dependent-age",
        "meta": "@sys.number",
        "userDefined": false
      },
      {
        "text": ", and her name is ",
        "userDefined": false
      },
      {
        "text": "Emilia",
        "alias": "dependent-given-name",
        "meta": "@sys.given-name",
        "userDefined": false
      },
      {
        "text": " ",
        "userDefined": false
      },
      {
        "text": "Love",
        "alias": "dependent-last-name",
        "meta": "@sys.last-name",
        "userDefined": true
      },
      {
        "text": ".",
        "userDefined": false
      }
    ],
    "isTemplate": false,
    "count": 0,
    "updated": 0
  },
  {
    "id": "0d9d8355-04c6-4b6a-86f7-879c5b9cca82",
    "data": [
      {
        "text": "My ",
        "userDefined": false
      },
      {
        "text": "husband",
        "alias": "dependent-relation",
        "meta": "@relationship_to_filer",
        "userDefined": false
      },
      {
        "text": " is ",
        "userDefined": false
      },
      {
        "text": "27",
        "alias": "dependent-age",
        "meta": "@sys.number",
        "userDefined": false
      },
      {
        "text": " and his name is ",
        "userDefined": false
      },
      {
        "text": "Brad",
        "alias": "dependent-given-name",
        "meta": "@sys.given-name",
        "userDefined": false
      },
      {
        "text": " ",
        "userDefined": false
      },
      {
        "text": "Johnson",
        "alias": "dependent-last-name",
        "meta": "@sys.last-name",
        "userDefined": false
      },
      {
        "text": ".",
        "userDefined": false
      }
    ],
    "isTemplate": false,
    "count": 0,
    "updated": 0
  },
  {
    "id": "549f45a2-e7e2-4b45-b179-1d22826d28c3",
    "data": [
      {
        "text": "I have a ",
        "userDefined": false
      },
      {
        "text": "daughter",
        "alias": "dependent-relation",
        "meta": "@relationship_to_filer",
        "userDefined": false
      },
      {
        "text": " named ",
        "userDefined": false
      },
      {
        "text": "Noelle",
        "alias": "dependent-given-name",
        "meta": "@sys.given-name",
        "userDefined": false
      },
      {
        "text": " ",
        "userDefined": false
      },
      {
        "text": "Daigo",
        "alias": "dependent-last-name",
        "meta": "@sys.last-name",
        "userDefined": true
      },
      {
        "text": ", and she is ",
        "userDefined": false
      },
      {
        "text": "14",
        "alias": "dependent-age",
        "meta": "@sys.number",
        "userDefined": false
      },
      {
        "text": ".",
        "userDefined": false
      }
    ],
    "isTemplate": false,
    "count": 0,
    "updated": 0
  },
  {
    "id": "354bba8d-9976-4f20-b540-37a7e0167578",
    "data": [
      {
        "text": "May",
        "alias": "dependent-given-name",
        "meta": "@sys.given-name",
        "userDefined": false
      },
      {
        "text": " ",
        "userDefined": false
      },
      {
        "text": "Vasquez",
        "alias": "dependent-last-name",
        "meta": "@sys.last-name",
        "userDefined": false
      },
      {
        "text": ", ",
        "userDefined": false
      },
      {
        "text": "16",
        "alias": "dependent-age",
        "meta": "@sys.number",
        "userDefined": false
      },
      {
        "text": ", ",
        "userDefined": false
      },
      {
        "text": "daughter",
        "alias": "dependent-relation",
        "meta": "@relationship_to_filer",
        "userDefined": false
      },
      {
        "text": ".",
        "userDefined": false
      }
    ],
    "isTemplate": false,
    "count": 0,
    "updated": 0
  },
  {
    "id": "0f3f43c9-1626-47d6-a547-edc6427a0035",
    "data": [
      {
        "text": "Jimmy",
        "alias": "dependent-given-name",
        "meta": "@sys.given-name",
        "userDefined": false
      },
      {
        "text": " ",
        "userDefined": false
      },
      {
        "text": "Nguyen",
        "alias": "dependent-last-name",
        "meta": "@sys.last-name",
        "userDefined": false
      },
      {
        "text": ", ",
        "userDefined": false
      },
      {
        "text": "19",
        "alias": "dependent-age",
        "meta": "@sys.number",
        "userDefined": false
      },
      {
        "text": ", ",
        "userDefined": false
      },
      {
        "text": "son",
        "alias": "dependent-relation",
        "meta": "@relationship_to_filer",
        "userDefined": false
      },
      {
        "text": ".",
        "userDefined": false
      }
    ],
    "isTemplate": false,
    "count": 0,
    "updated": 0
  },
  {
    "id": "f2b87a45-16c9-45bc-b51e-606bdbb024a3",
    "data": [
      {
        "text": "I have a ",
        "userDefined": false
      },
      {
        "text": "daughter",
        "alias": "dependent-relation",
        "meta": "@relationship_to_filer",
        "userDefined": false
      },
      {
        "text": " named ",
        "userDefined": false
      },
      {
        "text": "Katie",
        "alias": "dependent-given-name",
        "meta": "@sys.given-name",
        "userDefined": false
      },
      {
        "text": " who is ",
        "userDefined": false
      },
      {
        "text": "2",
        "alias": "dependent-age",
        "meta": "@sys.number",
        "userDefined": false
      },
      {
        "text": ".",
        "userDefined": false
      }
    ],
    "isTemplate": false,
    "count": 0,
    "updated": 0
  },
  {
    "id": "fa15a3fd-257e-4762-8203-5f6ea6c03908",
    "data": [
      {
        "text": "I have a ",
        "userDefined": false
      },
      {
        "text": "daughter",
        "alias": "dependent-relation",
        "meta": "@relationship_to_filer",
        "userDefined": false
      },
      {
        "text": " who\u0027s ",
        "userDefined": false
      },
      {
        "text": "2",
        "alias": "dependent-age",
        "meta": "@sys.number",
        "userDefined": false
      },
      {
        "text": " and her name is ",
        "userDefined": false
      },
      {
        "text": "Katie",
        "alias": "dependent-given-name",
        "meta": "@sys.given-name",
        "userDefined": false
      },
      {
        "text": ".",
        "userDefined": false
      }
    ],
    "isTemplate": false,
    "count": 0,
    "updated": 0
  },
  {
    "id": "5c64785c-e84d-4bb6-8a4d-89fb481a8d26",
    "data": [
      {
        "text": "My ",
        "userDefined": false
      },
      {
        "text": "husband",
        "alias": "dependent-relation",
        "meta": "@relationship_to_filer",
        "userDefined": false
      },
      {
        "text": "\u0027s name is ",
        "userDefined": false
      },
      {
        "text": "David",
        "alias": "dependent-given-name",
        "meta": "@sys.given-name",
        "userDefined": false
      },
      {
        "text": " and he\u0027s ",
        "userDefined": false
      },
      {
        "text": "45",
        "alias": "dependent-age",
        "meta": "@sys.number",
        "userDefined": false
      },
      {
        "text": ".",
        "userDefined": false
      }
    ],
    "isTemplate": false,
    "count": 0,
    "updated": 0
  },
  {
    "id": "deeb32fd-fe45-4130-8875-fb955e9104df",
    "data": [
      {
        "text": "My ",
        "userDefined": false
      },
      {
        "text": "son",
        "alias": "dependent-relation",
        "meta": "@relationship_to_filer",
        "userDefined": false
      },
      {
        "text": "\u0027s name is ",
        "userDefined": false
      },
      {
        "text": "Adam",
        "alias": "dependent-given-name",
        "meta": "@sys.given-name",
        "userDefined": false
      },
      {
        "text": " and he is ",
        "userDefined": false
      },
      {
        "text": "5",
        "alias": "dependent-age",
        "meta": "@sys.number",
        "userDefined": false
      },
      {
        "text": " years old.",
        "userDefined": false
      }
    ],
    "isTemplate": false,
    "count": 0,
    "updated": 0
  },
  {
    "id": "fbd7921a-a3e7-45a2-96d0-533da75f2223",
    "data": [
      {
        "text": "My ",
        "userDefined": false
      },
      {
        "text": "daughter",
        "alias": "dependent-relation",
        "meta": "@relationship_to_filer",
        "userDefined": false
      },
      {
        "text": " is ",
        "userDefined": false
      },
      {
        "text": "2",
        "alias": "dependent-age",
        "meta": "@sys.number",
        "userDefined": false
      },
      {
        "text": " and her name is ",
        "userDefined": false
      },
      {
        "text": "Michaela",
        "alias": "dependent-given-name",
        "meta": "@sys.given-name",
        "userDefined": false
      },
      {
        "text": ".",
        "userDefined": false
      }
    ],
    "isTemplate": false,
    "count": 0,
    "updated": 0
  },
  {
    "id": "399bfe26-d36d-4d2f-8e66-0194c2eeae68",
    "data": [
      {
        "text": "My ",
        "userDefined": false
      },
      {
        "text": "daughter",
        "alias": "dependent-relation",
        "meta": "@relationship_to_filer",
        "userDefined": false
      },
      {
        "text": " ",
        "userDefined": false
      },
      {
        "text": "Bailey",
        "alias": "dependent-given-name",
        "meta": "@sys.given-name",
        "userDefined": false
      },
      {
        "text": " is ",
        "userDefined": false
      },
      {
        "text": "2",
        "alias": "dependent-age",
        "meta": "@sys.number",
        "userDefined": false
      },
      {
        "text": " now.",
        "userDefined": false
      }
    ],
    "isTemplate": false,
    "count": 0,
    "updated": 0
  },
  {
    "id": "dd8c1484-cb3c-4718-9a0e-e3428e636676",
    "data": [
      {
        "text": "Jax",
        "alias": "dependent-given-name",
        "meta": "@sys.given-name",
        "userDefined": true
      },
      {
        "text": " my ",
        "userDefined": false
      },
      {
        "text": "son",
        "alias": "dependent-relation",
        "meta": "@relationship_to_filer",
        "userDefined": false
      },
      {
        "text": " just had his ",
        "userDefined": false
      },
      {
        "text": "8",
        "alias": "dependent-age",
        "meta": "@sys.number",
        "userDefined": false
      },
      {
        "text": "th birthday.",
        "userDefined": false
      }
    ],
    "isTemplate": false,
    "count": 0,
    "updated": 0
  },
  {
    "id": "fafad3b1-44b5-4a24-b433-1518e0e7b94b",
    "data": [
      {
        "text": "My ",
        "userDefined": false
      },
      {
        "text": "son",
        "alias": "dependent-relation",
        "meta": "@relationship_to_filer",
        "userDefined": false
      },
      {
        "text": " is ",
        "userDefined": false
      },
      {
        "text": "Jax",
        "alias": "dependent-given-name",
        "meta": "@sys.given-name",
        "userDefined": true
      },
      {
        "text": " he is ",
        "userDefined": false
      },
      {
        "text": "8",
        "alias": "dependent-age",
        "meta": "@sys.number",
        "userDefined": false
      },
      {
        "text": ".",
        "userDefined": false
      }
    ],
    "isTemplate": false,
    "count": 0,
    "updated": 0
  },
  {
    "id": "518bcb6e-c3d5-403e-9435-db43354307aa",
    "data": [
      {
        "text": "I have a ",
        "userDefined": false
      },
      {
        "text": "daughter",
        "alias": "dependent-relation",
        "meta": "@relationship_to_filer",
        "userDefined": false
      },
      {
        "text": " ",
        "userDefined": false
      },
      {
        "text": "Bailey",
        "alias": "dependent-given-name",
        "meta": "@sys.given-name",
        "userDefined": false
      },
      {
        "text": " she is almost ",
        "userDefined": false
      },
      {
        "text": "2",
        "alias": "dependent-age",
        "meta": "@sys.number",
        "userDefined": false
      },
      {
        "text": ".",
        "userDefined": false
      }
    ],
    "isTemplate": false,
    "count": 0,
    "updated": 0
  },
  {
    "id": "c750e386-3f6b-450e-9116-8d2313f2dfa1",
    "data": [
      {
        "text": "My ",
        "userDefined": false
      },
      {
        "text": "son",
        "alias": "dependent-relation",
        "meta": "@relationship_to_filer",
        "userDefined": false
      },
      {
        "text": "\u0027s name is ",
        "userDefined": false
      },
      {
        "text": "Jax",
        "alias": "dependent-given-name",
        "meta": "@sys.given-name",
        "userDefined": true
      },
      {
        "text": " he just turned ",
        "userDefined": false
      },
      {
        "text": "8",
        "alias": "dependent-age",
        "meta": "@sys.number",
        "userDefined": false
      },
      {
        "text": ".",
        "userDefined": false
      }
    ],
    "isTemplate": false,
    "count": 0,
    "updated": 0
  },
  {
    "id": "f7b65c70-c5ef-4fa7-84a9-de29796e68bf",
    "data": [
      {
        "text": "His name is ",
        "userDefined": false
      },
      {
        "text": "Gregory",
        "alias": "dependent-given-name",
        "meta": "@sys.given-name",
        "userDefined": false
      },
      {
        "text": " ",
        "userDefined": false
      },
      {
        "text": "DeMaio",
        "alias": "dependent-last-name",
        "meta": "@sys.last-name",
        "userDefined": false
      },
      {
        "text": ". He\u0027s my ",
        "userDefined": false
      },
      {
        "text": "22",
        "alias": "dependent-age",
        "meta": "@sys.number",
        "userDefined": false
      },
      {
        "text": " year old ",
        "userDefined": false
      },
      {
        "text": "child",
        "alias": "dependent-relation",
        "meta": "@relationship_to_filer",
        "userDefined": false
      },
      {
        "text": ".",
        "userDefined": false
      }
    ],
    "isTemplate": false,
    "count": 0,
    "updated": 0
  },
  {
    "id": "661ac6b6-aed4-4a56-a53a-213cbc4654de",
    "data": [
      {
        "text": "My ",
        "userDefined": false
      },
      {
        "text": "husband",
        "alias": "dependent-relation",
        "meta": "@relationship_to_filer",
        "userDefined": false
      },
      {
        "text": ", ",
        "userDefined": false
      },
      {
        "text": "Harry",
        "alias": "dependent-given-name",
        "meta": "@sys.given-name",
        "userDefined": false
      },
      {
        "text": " ",
        "userDefined": false
      },
      {
        "text": "White",
        "alias": "dependent-last-name",
        "meta": "@sys.last-name",
        "userDefined": false
      },
      {
        "text": ", who is ",
        "userDefined": false
      },
      {
        "text": "29",
        "alias": "dependent-age",
        "meta": "@sys.number",
        "userDefined": false
      },
      {
        "text": " years old.",
        "userDefined": false
      }
    ],
    "isTemplate": false,
    "count": 0,
    "updated": 0
  },
  {
    "id": "d56eb210-d9ca-4faf-9b15-0450c7fc4418",
    "data": [
      {
        "text": "My ",
        "userDefined": false
      },
      {
        "text": "son",
        "alias": "dependent-relation",
        "meta": "@relationship_to_filer",
        "userDefined": false
      },
      {
        "text": "\u0027s name is ",
        "userDefined": false
      },
      {
        "text": "Brad",
        "alias": "dependent-given-name",
        "meta": "@sys.given-name",
        "userDefined": false
      },
      {
        "text": " ",
        "userDefined": false
      },
      {
        "text": "Larson",
        "alias": "dependent-last-name",
        "meta": "@sys.last-name",
        "userDefined": false
      },
      {
        "text": " and he\u0027s ",
        "userDefined": false
      },
      {
        "text": "27",
        "alias": "dependent-age",
        "meta": "@sys.number",
        "userDefined": false
      },
      {
        "text": " years old.",
        "userDefined": false
      }
    ],
    "isTemplate": false,
    "count": 0,
    "updated": 0
  },
  {
    "id": "7465ee10-c0c6-4af8-8774-d2e1548bb096",
    "data": [
      {
        "text": "He goes by the name ",
        "userDefined": false
      },
      {
        "text": "Eric",
        "alias": "dependent-given-name",
        "meta": "@sys.given-name",
        "userDefined": false
      },
      {
        "text": " ",
        "userDefined": false
      },
      {
        "text": "Miller",
        "alias": "dependent-last-name",
        "meta": "@sys.last-name",
        "userDefined": false
      },
      {
        "text": ". He\u0027s ",
        "userDefined": false
      },
      {
        "text": "28",
        "alias": "dependent-age",
        "meta": "@sys.number",
        "userDefined": false
      },
      {
        "text": " and he\u0027s my ",
        "userDefined": false
      },
      {
        "text": "son",
        "alias": "dependent-relation",
        "meta": "@relationship_to_filer",
        "userDefined": false
      },
      {
        "text": ".",
        "userDefined": false
      }
    ],
    "isTemplate": false,
    "count": 0,
    "updated": 0
  },
  {
    "id": "97a9b7c6-7246-448c-a237-5c4196e1749c",
    "data": [
      {
        "text": "His name is ",
        "userDefined": false
      },
      {
        "text": "Derek",
        "alias": "dependent-given-name",
        "meta": "@sys.given-name",
        "userDefined": false
      },
      {
        "text": " ",
        "userDefined": false
      },
      {
        "text": "Smith",
        "alias": "dependent-last-name",
        "meta": "@sys.last-name",
        "userDefined": false
      },
      {
        "text": ", ",
        "userDefined": false
      },
      {
        "text": "24",
        "alias": "dependent-age",
        "meta": "@sys.number",
        "userDefined": false
      },
      {
        "text": ", ",
        "userDefined": false
      },
      {
        "text": "son",
        "alias": "dependent-relation",
        "meta": "@relationship_to_filer",
        "userDefined": false
      },
      {
        "text": ".",
        "userDefined": false
      }
    ],
    "isTemplate": false,
    "count": 0,
    "updated": 0
  },
  {
    "id": "d32cb443-6152-4336-89ac-b8fa6fb48035",
    "data": [
      {
        "text": "My ",
        "userDefined": false
      },
      {
        "text": "daughter",
        "alias": "dependent-relation",
        "meta": "@relationship_to_filer",
        "userDefined": false
      },
      {
        "text": " is ",
        "userDefined": false
      },
      {
        "text": "23",
        "alias": "dependent-age",
        "meta": "@sys.number",
        "userDefined": false
      },
      {
        "text": " and her name is ",
        "userDefined": false
      },
      {
        "text": "Mary",
        "alias": "dependent-given-name",
        "meta": "@sys.given-name",
        "userDefined": false
      },
      {
        "text": ".",
        "userDefined": false
      }
    ],
    "isTemplate": false,
    "count": 0,
    "updated": 0
  },
  {
    "id": "4e3b3644-2c9c-4441-8e4e-3c097abdf4f1",
    "data": [
      {
        "text": "Mary",
        "alias": "dependent-given-name",
        "meta": "@sys.given-name",
        "userDefined": false
      },
      {
        "text": " ",
        "userDefined": false
      },
      {
        "text": "Travis",
        "alias": "dependent-last-name",
        "meta": "@sys.last-name",
        "userDefined": false
      },
      {
        "text": " is the name of my ",
        "userDefined": false
      },
      {
        "text": "daughter",
        "alias": "dependent-relation",
        "meta": "@relationship_to_filer",
        "userDefined": false
      },
      {
        "text": ", and she\u0027s ",
        "userDefined": false
      },
      {
        "text": "23",
        "alias": "dependent-age",
        "meta": "@sys.number",
        "userDefined": false
      },
      {
        "text": ".",
        "userDefined": false
      }
    ],
    "isTemplate": false,
    "count": 0,
    "updated": 0
  },
  {
    "id": "60fc4788-ee85-4650-b4e0-fb2278e3571e",
    "data": [
      {
        "text": "Kate",
        "alias": "dependent-given-name",
        "meta": "@sys.given-name",
        "userDefined": false
      },
      {
        "text": " is the name of my ",
        "userDefined": false
      },
      {
        "text": "daughter",
        "alias": "dependent-relation",
        "meta": "@relationship_to_filer",
        "userDefined": false
      },
      {
        "text": ". She\u0027s ",
        "userDefined": false
      },
      {
        "text": "26",
        "alias": "dependent-age",
        "meta": "@sys.number",
        "userDefined": false
      },
      {
        "text": ".",
        "userDefined": false
      }
    ],
    "isTemplate": false,
    "count": 0,
    "updated": 0
  },
  {
    "id": "4403f6ca-d9b5-4260-8c2c-eaf2404b0bd1",
    "data": [
      {
        "text": "My ",
        "userDefined": false
      },
      {
        "text": "wife",
        "alias": "dependent-relation",
        "meta": "@relationship_to_filer",
        "userDefined": false
      },
      {
        "text": "\u0027s name is ",
        "userDefined": false
      },
      {
        "text": "Kate",
        "alias": "dependent-given-name",
        "meta": "@sys.given-name",
        "userDefined": false
      },
      {
        "text": " ",
        "userDefined": false
      },
      {
        "text": "Travis",
        "alias": "dependent-last-name",
        "meta": "@sys.last-name",
        "userDefined": false
      },
      {
        "text": ". She is ",
        "userDefined": false
      },
      {
        "text": "26",
        "alias": "dependent-age",
        "meta": "@sys.number",
        "userDefined": false
      },
      {
        "text": " years old.",
        "userDefined": false
      }
    ],
    "isTemplate": false,
    "count": 0,
    "updated": 0
  },
  {
    "id": "7684d34d-573f-4779-8007-6a93c29878b3",
    "data": [
      {
        "text": "Kate",
        "alias": "dependent-given-name",
        "meta": "@sys.given-name",
        "userDefined": false
      },
      {
        "text": " ",
        "userDefined": false
      },
      {
        "text": "Travis",
        "alias": "dependent-last-name",
        "meta": "@sys.last-name",
        "userDefined": false
      },
      {
        "text": " is the name of my ",
        "userDefined": false
      },
      {
        "text": "wife",
        "alias": "dependent-relation",
        "meta": "@relationship_to_filer",
        "userDefined": false
      },
      {
        "text": ". She\u0027s ",
        "userDefined": false
      },
      {
        "text": "26",
        "alias": "dependent-age",
        "meta": "@sys.number",
        "userDefined": false
      },
      {
        "text": ".",
        "userDefined": false
      }
    ],
    "isTemplate": false,
    "count": 0,
    "updated": 0
  },
  {
    "id": "7e549020-4f6e-46f5-be1d-26609b1ecf35",
    "data": [
      {
        "text": "My ",
        "userDefined": false
      },
      {
        "text": "husband",
        "alias": "dependent-relation",
        "meta": "@relationship_to_filer",
        "userDefined": false
      },
      {
        "text": " is ",
        "userDefined": false
      },
      {
        "text": "29",
        "alias": "dependent-age",
        "meta": "@sys.number",
        "userDefined": false
      },
      {
        "text": " and his name is ",
        "userDefined": false
      },
      {
        "text": "Patrick",
        "alias": "dependent-given-name",
        "meta": "@sys.given-name",
        "userDefined": false
      },
      {
        "text": ".",
        "userDefined": false
      }
    ],
    "isTemplate": false,
    "count": 0,
    "updated": 0
  },
  {
    "id": "ba0d44da-b116-45f5-8e4f-c2b233b33922",
    "data": [
      {
        "text": "Erica",
        "alias": "dependent-given-name",
        "meta": "@sys.given-name",
        "userDefined": false
      },
      {
        "text": ", ",
        "userDefined": false
      },
      {
        "text": "35",
        "alias": "dependent-age",
        "meta": "@sys.number",
        "userDefined": false
      },
      {
        "text": ", ",
        "userDefined": false
      },
      {
        "text": "mother",
        "alias": "dependent-relation",
        "meta": "@relationship_to_filer",
        "userDefined": false
      }
    ],
    "isTemplate": false,
    "count": 0,
    "updated": 0
  },
  {
    "id": "d6daeea3-ca58-45ff-b880-7723dbef7ab5",
    "data": [
      {
        "text": "I have a ",
        "userDefined": false
      },
      {
        "text": "son",
        "alias": "dependent-relation",
        "meta": "@relationship_to_filer",
        "userDefined": false
      },
      {
        "text": " named ",
        "userDefined": false
      },
      {
        "text": "Daigo",
        "alias": "dependent-given-name",
        "meta": "@sys.given-name",
        "userDefined": true
      },
      {
        "text": ", and he is ",
        "userDefined": false
      },
      {
        "text": "15",
        "alias": "dependent-age",
        "meta": "@sys.number",
        "userDefined": false
      },
      {
        "text": ".",
        "userDefined": false
      }
    ],
    "isTemplate": false,
    "count": 0,
    "updated": 0
  },
  {
    "id": "d425e867-cce5-4077-9d60-29527d46b630",
    "data": [
      {
        "text": "I have a ",
        "userDefined": false
      },
      {
        "text": "daughter",
        "alias": "dependent-relation",
        "meta": "@relationship_to_filer",
        "userDefined": false
      },
      {
        "text": " whose name is ",
        "userDefined": false
      },
      {
        "text": "May",
        "alias": "dependent-given-name",
        "meta": "@sys.given-name",
        "userDefined": false
      },
      {
        "text": ", and she is ",
        "userDefined": false
      },
      {
        "text": "13",
        "alias": "dependent-age",
        "meta": "@sys.number",
        "userDefined": false
      },
      {
        "text": ".",
        "userDefined": false
      }
    ],
    "isTemplate": false,
    "count": 0,
    "updated": 0
  },
  {
    "id": "7b1b8897-b812-4861-9274-763b75359b48",
    "data": [
      {
        "text": "June",
        "alias": "dependent-given-name",
        "meta": "@sys.given-name",
        "userDefined": false
      },
      {
        "text": " ",
        "userDefined": false
      },
      {
        "text": "Day",
        "alias": "dependent-last-name",
        "meta": "@sys.last-name",
        "userDefined": true
      },
      {
        "text": ", ",
        "userDefined": false
      },
      {
        "text": "45",
        "alias": "dependent-age",
        "meta": "@sys.number",
        "userDefined": false
      },
      {
        "text": ", ",
        "userDefined": false
      },
      {
        "text": "father",
        "alias": "dependent-relation",
        "meta": "@relationship_to_filer",
        "userDefined": false
      }
    ],
    "isTemplate": false,
    "count": 0,
    "updated": 0
  },
  {
    "id": "f6e3e99b-0c7c-400d-9cab-94b523f1c899",
    "data": [
      {
        "text": "michael",
        "alias": "dependent-given-name",
        "meta": "@sys.given-name",
        "userDefined": false
      },
      {
        "text": " and her on name to ",
        "userDefined": false
      },
      {
        "text": "56",
        "alias": "dependent-age",
        "meta": "@sys.number",
        "userDefined": false
      }
    ],
    "isTemplate": false,
    "count": 0,
    "updated": 0
  },
  {
    "id": "b4ef3193-9fc7-458b-88ff-98747f669a8d",
    "data": [
      {
        "text": "my ",
        "userDefined": false
      },
      {
        "text": "daughter",
        "alias": "dependent-relation",
        "meta": "@relationship_to_filer",
        "userDefined": false
      },
      {
        "text": " is ",
        "userDefined": false
      },
      {
        "text": "jessy",
        "alias": "dependent-given-name",
        "meta": "@sys.given-name",
        "userDefined": false
      },
      {
        "text": " and she is ",
        "userDefined": false
      },
      {
        "text": "10",
        "alias": "dependent-age",
        "meta": "@sys.number",
        "userDefined": false
      }
    ],
    "isTemplate": false,
    "count": 0,
    "updated": 0
  },
  {
    "id": "180e9c71-e61c-4f91-a217-1da1132b526b",
    "data": [
      {
        "text": "Mary",
        "alias": "dependent-given-name",
        "meta": "@sys.given-name",
        "userDefined": false
      },
      {
        "text": " is my ",
        "userDefined": false
      },
      {
        "text": "daughter",
        "alias": "dependent-relation",
        "meta": "@relationship_to_filer",
        "userDefined": false
      },
      {
        "text": " and she\u0027s ",
        "userDefined": false
      },
      {
        "text": "12",
        "alias": "dependent-age",
        "meta": "@sys.number",
        "userDefined": false
      },
      {
        "text": ".",
        "userDefined": false
      }
    ],
    "isTemplate": false,
    "count": 0,
    "updated": 0
  },
  {
    "id": "4071dfc4-fd00-4e4f-9b65-320be15af0da",
    "data": [
      {
        "text": "My ",
        "userDefined": false
      },
      {
        "text": "daughter",
        "alias": "dependent-relation",
        "meta": "@relationship_to_filer",
        "userDefined": false
      },
      {
        "text": "\u0027s name is ",
        "userDefined": false
      },
      {
        "text": "Mary",
        "alias": "dependent-given-name",
        "meta": "@sys.given-name",
        "userDefined": false
      },
      {
        "text": " and she is ",
        "userDefined": false
      },
      {
        "text": "24",
        "alias": "dependent-age",
        "meta": "@sys.number",
        "userDefined": false
      },
      {
        "text": " years old.",
        "userDefined": false
      }
    ],
    "isTemplate": false,
    "count": 0,
    "updated": 0
  },
  {
    "id": "3aef989a-c88f-4c9e-b709-f7d6ec3872e2",
    "data": [
      {
        "text": "My ",
        "userDefined": false
      },
      {
        "text": "husband",
        "alias": "dependent-relation",
        "meta": "@relationship_to_filer",
        "userDefined": true
      },
      {
        "text": "\u0027s name is ",
        "userDefined": false
      },
      {
        "text": "Paul",
        "alias": "dependent-given-name",
        "meta": "@sys.given-name",
        "userDefined": false
      },
      {
        "text": ", and he\u0027s ",
        "userDefined": false
      },
      {
        "text": "45",
        "alias": "dependent-age",
        "meta": "@sys.number",
        "userDefined": false
      },
      {
        "text": " years old.",
        "userDefined": false
      }
    ],
    "isTemplate": false,
    "count": 0,
    "updated": 0
  },
  {
    "id": "2e43ad46-fa1a-48c0-b567-cc3927ad383a",
    "data": [
      {
        "text": "My ",
        "userDefined": false
      },
      {
        "text": "son",
        "alias": "dependent-relation",
        "meta": "@relationship_to_filer",
        "userDefined": true
      },
      {
        "text": "\u0027s name is ",
        "userDefined": false
      },
      {
        "text": "Sachin",
        "alias": "dependent-given-name",
        "meta": "@sys.given-name",
        "userDefined": false
      },
      {
        "text": ". He\u0027s ",
        "userDefined": false
      },
      {
        "text": "27",
        "alias": "dependent-age",
        "meta": "@sys.number",
        "userDefined": false
      },
      {
        "text": " years old.",
        "userDefined": false
      }
    ],
    "isTemplate": false,
    "count": 0,
    "updated": 0
  },
  {
    "id": "5da91cfd-482f-441c-9d3e-a69b5a31532a",
    "data": [
      {
        "text": "My ",
        "userDefined": false
      },
      {
        "text": "daughter",
        "alias": "dependent-relation",
        "meta": "@relationship_to_filer",
        "userDefined": false
      },
      {
        "text": "\u0027s name is ",
        "userDefined": false
      },
      {
        "text": "Kate",
        "alias": "dependent-given-name",
        "meta": "@sys.given-name",
        "userDefined": false
      },
      {
        "text": ", and she\u0027s ",
        "userDefined": false
      },
      {
        "text": "13",
        "alias": "dependent-age",
        "meta": "@sys.number",
        "userDefined": false
      },
      {
        "text": " years old.",
        "userDefined": false
      }
    ],
    "isTemplate": false,
    "count": 0,
    "updated": 0
  },
  {
    "id": "a77f1433-0193-472c-b009-d728f44aca92",
    "data": [
      {
        "text": "I have my ",
        "userDefined": false
      },
      {
        "text": "romantic partner",
        "alias": "dependent-relation",
        "meta": "@relationship_to_filer",
        "userDefined": true
      },
      {
        "text": " his name is ",
        "userDefined": false
      },
      {
        "text": "hari",
        "alias": "dependent-given-name",
        "meta": "@sys.given-name",
        "userDefined": false
      },
      {
        "text": " , and she is ",
        "userDefined": false
      },
      {
        "text": "22",
        "alias": "dependent-age",
        "meta": "@sys.number",
        "userDefined": false
      }
    ],
    "isTemplate": false,
    "count": 0,
    "updated": 0
  },
  {
    "id": "21ddc843-ed7d-47a5-8149-ec41fd60b77a",
    "data": [
      {
        "text": "I have my ",
        "userDefined": false
      },
      {
        "text": "brother",
        "alias": "dependent-relation",
        "meta": "@relationship_to_filer",
        "userDefined": true
      },
      {
        "text": " , he is ",
        "userDefined": false
      },
      {
        "text": "35",
        "alias": "dependent-age",
        "meta": "@sys.number",
        "userDefined": false
      }
    ],
    "isTemplate": false,
    "count": 0,
    "updated": 0
  },
  {
    "id": "aa2356c2-5a7e-4f53-9602-52c2f1687250",
    "data": [
      {
        "text": "I have my ",
        "userDefined": false
      },
      {
        "text": "mother",
        "alias": "dependent-relation",
        "meta": "@relationship_to_filer",
        "userDefined": false
      },
      {
        "text": " her name is ",
        "userDefined": false
      },
      {
        "text": "mary",
        "alias": "dependent-given-name",
        "meta": "@sys.given-name",
        "userDefined": false
      },
      {
        "text": ", she is ",
        "userDefined": false
      },
      {
        "text": "42",
        "alias": "dependent-age",
        "meta": "@sys.number",
        "userDefined": false
      }
    ],
    "isTemplate": false,
    "count": 0,
    "updated": 0
  },
  {
    "id": "55853258-ea31-4415-85bf-3610aac22378",
    "data": [
      {
        "text": "I have my ",
        "userDefined": false
      },
      {
        "text": "father",
        "alias": "dependent-relation",
        "meta": "@relationship_to_filer",
        "userDefined": false
      },
      {
        "text": " his name is ",
        "userDefined": false
      },
      {
        "text": "stephen",
        "alias": "dependent-given-name",
        "meta": "@sys.given-name",
        "userDefined": false
      },
      {
        "text": " he is ",
        "userDefined": false
      },
      {
        "text": "48",
        "alias": "dependent-age",
        "meta": "@sys.number",
        "userDefined": false
      }
    ],
    "isTemplate": false,
    "count": 0,
    "updated": 0
  },
  {
    "id": "d89dd6ce-92ab-4534-8777-a9a9df79a311",
    "data": [
      {
        "text": "Jim",
        "alias": "dependent-given-name",
        "meta": "@sys.given-name",
        "userDefined": false
      },
      {
        "text": " ",
        "userDefined": false
      },
      {
        "text": "Ross",
        "alias": "dependent-last-name",
        "meta": "@sys.last-name",
        "userDefined": false
      },
      {
        "text": ", ",
        "userDefined": false
      },
      {
        "text": "22",
        "alias": "dependent-age",
        "meta": "@sys.number",
        "userDefined": false
      },
      {
        "text": ", ",
        "userDefined": false
      },
      {
        "text": "father",
        "alias": "dependent-relation",
        "meta": "@relationship_to_filer",
        "userDefined": false
      }
    ],
    "isTemplate": false,
    "count": 0,
    "updated": 0
  },
  {
    "id": "dba88659-f8a8-4477-bd09-194a40433444",
    "data": [
      {
        "text": "I have a ",
        "userDefined": false
      },
      {
        "text": "son",
        "alias": "dependent-relation",
        "meta": "@relationship_to_filer",
        "userDefined": false
      },
      {
        "text": " whose name is ",
        "userDefined": false
      },
      {
        "text": "John",
        "alias": "dependent-given-name",
        "meta": "@sys.given-name",
        "userDefined": false
      },
      {
        "text": " ",
        "userDefined": false
      },
      {
        "text": "Doe",
        "alias": "dependent-last-name",
        "meta": "@sys.last-name",
        "userDefined": false
      },
      {
        "text": ", and he is ",
        "userDefined": false
      },
      {
        "text": "14",
        "alias": "dependent-age",
        "meta": "@sys.number",
        "userDefined": false
      },
      {
        "text": ".",
        "userDefined": false
      }
    ],
    "isTemplate": false,
    "count": 0,
    "updated": 0
  },
  {
    "id": "293acd5c-e85c-4026-9ac0-a44a19305210",
    "data": [
      {
        "text": "My ",
        "userDefined": false
      },
      {
        "text": "wife",
        "alias": "dependent-relation",
        "meta": "@relationship_to_filer",
        "userDefined": true
      },
      {
        "text": " is ",
        "userDefined": false
      },
      {
        "text": "28",
        "alias": "dependent-age",
        "meta": "@sys.number",
        "userDefined": false
      },
      {
        "text": " and her name is ",
        "userDefined": false
      },
      {
        "text": "Jane",
        "alias": "dependent-age",
        "meta": "@sys.number",
        "userDefined": false
      },
      {
        "text": " ",
        "userDefined": false
      },
      {
        "text": "Foster",
        "alias": "dependent-last-name",
        "meta": "@sys.last-name",
        "userDefined": false
      },
      {
        "text": ".",
        "userDefined": false
      }
    ],
    "isTemplate": false,
    "count": 0,
    "updated": 0
  },
  {
    "id": "460f13c9-b5ce-4857-97bb-1749639d97ea",
    "data": [
      {
        "text": "I have a ",
        "userDefined": false
      },
      {
        "text": "son",
        "alias": "dependent-relation",
        "meta": "@relationship_to_filer",
        "userDefined": false
      },
      {
        "text": " whose name is the ",
        "userDefined": false
      },
      {
        "text": "John",
        "alias": "dependent-given-name",
        "meta": "@sys.given-name",
        "userDefined": false
      },
      {
        "text": " ",
        "userDefined": false
      },
      {
        "text": "Doe",
        "alias": "dependent-last-name",
        "meta": "@sys.last-name",
        "userDefined": false
      },
      {
        "text": ", and he is ",
        "userDefined": false
      },
      {
        "text": "14",
        "alias": "dependent-age",
        "meta": "@sys.number",
        "userDefined": false
      },
      {
        "text": ".",
        "userDefined": false
      }
    ],
    "isTemplate": false,
    "count": 0,
    "updated": 0
  },
  {
    "id": "a5e102cf-23bd-4bf6-9bdb-b7871553c64e",
    "data": [
      {
        "text": "My ",
        "userDefined": false
      },
      {
        "text": "wife",
        "alias": "dependent-relation",
        "meta": "@relationship_to_filer",
        "userDefined": true
      },
      {
        "text": " is ",
        "userDefined": false
      },
      {
        "text": "28",
        "alias": "dependent-age",
        "meta": "@sys.number",
        "userDefined": false
      },
      {
        "text": " and her name is the ",
        "userDefined": false
      },
      {
        "text": "Jane",
        "alias": "dependent-given-name",
        "meta": "@sys.given-name",
        "userDefined": false
      },
      {
        "text": " ",
        "userDefined": false
      },
      {
        "text": "Foster",
        "alias": "dependent-last-name",
        "meta": "@sys.last-name",
        "userDefined": false
      },
      {
        "text": ".",
        "userDefined": false
      }
    ],
    "isTemplate": false,
    "count": 0,
    "updated": 0
  },
  {
    "id": "ce812c51-18be-4eb2-b49f-b6d85b56d5ad",
    "data": [
      {
        "text": "My ",
        "userDefined": false
      },
      {
        "text": "cousin",
        "alias": "dependent-relation",
        "meta": "@relationship_to_filer",
        "userDefined": true
      },
      {
        "text": " is ",
        "userDefined": false
      },
      {
        "text": "Aidy",
        "alias": "dependent-given-name",
        "meta": "@sys.given-name",
        "userDefined": true
      },
      {
        "text": " ",
        "userDefined": false
      },
      {
        "text": "Bryant",
        "alias": "dependent-last-name",
        "meta": "@sys.last-name",
        "userDefined": true
      },
      {
        "text": " and she\u0027s ",
        "userDefined": false
      },
      {
        "text": "29",
        "alias": "dependent-age",
        "meta": "@sys.number",
        "userDefined": true
      }
    ],
    "isTemplate": false,
    "count": 0,
    "updated": 0
  },
  {
    "id": "e7d7dfc3-bc8f-4bd0-a569-8884f835ff15",
    "data": [
      {
        "text": "Jared",
        "alias": "dependent-given-name",
        "meta": "@sys.given-name",
        "userDefined": true
      },
      {
        "text": " ",
        "userDefined": false
      },
      {
        "text": "Stein",
        "alias": "dependent-last-name",
        "meta": "@sys.last-name",
        "userDefined": true
      },
      {
        "text": ", ",
        "userDefined": false
      },
      {
        "text": "5",
        "alias": "dependent-age",
        "meta": "@sys.number",
        "userDefined": true
      },
      {
        "text": ", ",
        "userDefined": false
      },
      {
        "text": "son",
        "alias": "dependent-relation",
        "meta": "@relationship_to_filer",
        "userDefined": true
      }
    ],
    "isTemplate": false,
    "count": 0,
    "updated": 0
  },
  {
    "id": "04b985a2-cde4-43b0-ad8d-ffabfb20fcfa",
    "data": [
      {
        "text": "My oldest is ",
        "userDefined": false
      },
      {
        "text": "Ada",
        "alias": "dependent-given-name",
        "meta": "@sys.given-name",
        "userDefined": true
      },
      {
        "text": " ",
        "userDefined": false
      },
      {
        "text": "Stein",
        "alias": "dependent-last-name",
        "meta": "@sys.last-name",
        "userDefined": true
      },
      {
        "text": ", age ",
        "userDefined": false
      },
      {
        "text": "11",
        "alias": "dependent-age",
        "meta": "@sys.number",
        "userDefined": true
      },
      {
        "text": " and she\u0027s my ",
        "userDefined": false
      },
      {
        "text": "daughter",
        "alias": "dependent-relation",
        "meta": "@relationship_to_filer",
        "userDefined": true
      }
    ],
    "isTemplate": false,
    "count": 0,
    "updated": 0
  },
  {
    "id": "ceb15355-0956-4ff5-8fbc-9662c8f1e5db",
    "data": [
      {
        "text": "I have a ",
        "userDefined": false
      },
      {
        "text": "son",
        "alias": "dependent-relation",
        "meta": "@relationship_to_filer",
        "userDefined": true
      },
      {
        "text": ", ",
        "userDefined": false
      },
      {
        "text": "John",
        "alias": "dependent-given-name",
        "meta": "@sys.given-name",
        "userDefined": true
      },
      {
        "text": " ",
        "userDefined": false
      },
      {
        "text": "Sun",
        "alias": "dependent-last-name",
        "meta": "@sys.last-name",
        "userDefined": true
      },
      {
        "text": ", and he\u0027s ",
        "userDefined": false
      },
      {
        "text": "seventeen",
        "alias": "dependent-age",
        "meta": "@sys.number",
        "userDefined": true
      },
      {
        "text": " years old",
        "userDefined": false
      }
    ],
    "isTemplate": false,
    "count": 0,
    "updated": 0
  },
  {
    "id": "25eed4ea-d12f-4e1c-a09d-811684b24b04",
    "data": [
      {
        "text": "lilia",
        "alias": "dependent-given-name",
        "meta": "@sys.given-name",
        "userDefined": false
      },
      {
        "text": " ",
        "userDefined": false
      },
      {
        "text": "richards",
        "alias": "dependent-last-name",
        "meta": "@sys.last-name",
        "userDefined": false
      },
      {
        "text": ". she is ",
        "userDefined": false
      },
      {
        "text": "5",
        "alias": "dependent-age",
        "meta": "@sys.number",
        "userDefined": false
      },
      {
        "text": ", and she\u0027s my ",
        "userDefined": false
      },
      {
        "text": "daughter",
        "alias": "dependent-relation",
        "meta": "@relationship_to_filer",
        "userDefined": false
      }
    ],
    "isTemplate": false,
    "count": 0,
    "updated": 0
  },
  {
    "id": "5ea7c8ec-410d-44ca-ac18-d958f11b08bb",
    "data": [
      {
        "text": "first",
        "meta": "@sys.ignore",
        "userDefined": false
      },
      {
        "text": " name is ",
        "userDefined": false
      },
      {
        "text": "Abubakr",
        "alias": "dependent-given-name",
        "meta": "@sys.given-name",
        "userDefined": false
      },
      {
        "text": ", last name is ",
        "userDefined": false
      },
      {
        "text": "Rich",
        "alias": "dependent-last-name",
        "meta": "@sys.last-name",
        "userDefined": false
      },
      {
        "text": ". he\u0027s ",
        "userDefined": false
      },
      {
        "text": "4",
        "alias": "dependent-age",
        "meta": "@sys.number",
        "userDefined": false
      }
    ],
    "isTemplate": false,
    "count": 0,
    "updated": 0
  },
  {
    "id": "aa631148-e088-4411-b763-c0196de12d0f",
    "data": [
      {
        "text": "first",
        "meta": "@sys.ignore",
        "userDefined": false
      },
      {
        "text": " name ",
        "userDefined": false
      },
      {
        "text": "Chanelle",
        "alias": "dependent-given-name",
        "meta": "@sys.given-name",
        "userDefined": false
      },
      {
        "text": " last name ",
        "userDefined": false
      },
      {
        "text": "Meadows",
        "alias": "dependent-last-name",
        "meta": "@sys.last-name",
        "userDefined": false
      },
      {
        "text": " age ",
        "userDefined": false
      },
      {
        "text": "10",
        "alias": "dependent-age",
        "meta": "@sys.number",
        "userDefined": false
      }
    ],
    "isTemplate": false,
    "count": 0,
    "updated": 0
  },
  {
    "id": "3ac6d6ea-c9c7-4a09-bf9c-5ef4482adb87",
    "data": [
      {
        "text": "16",
        "alias": "dependent-age",
        "meta": "@sys.number",
        "userDefined": false
      }
    ],
    "isTemplate": false,
    "count": 0,
    "updated": 0
  },
  {
    "id": "6ead09f3-2bce-41ab-af60-a0c23ee80357",
    "data": [
      {
        "text": "1",
        "alias": "dependent-age",
        "meta": "@sys.number",
        "userDefined": false
      },
      {
        "text": " year old",
        "userDefined": false
      }
    ],
    "isTemplate": false,
    "count": 0,
    "updated": 0
  },
  {
    "id": "8b72a154-c1d9-4662-b06a-8a4f10bed08e",
    "data": [
      {
        "text": "8",
        "alias": "dependent-age",
        "meta": "@sys.number",
        "userDefined": false
      },
      {
        "text": " years old",
        "userDefined": false
      }
    ],
    "isTemplate": false,
    "count": 0,
    "updated": 0
  },
  {
    "id": "98143384-6851-4c51-8c2a-1511839a0a0c",
    "data": [
      {
        "text": "Cecily",
        "alias": "dependent-given-name",
        "meta": "@sys.given-name",
        "userDefined": false
      },
      {
        "text": " ",
        "userDefined": false
      },
      {
        "text": "Barker",
        "alias": "dependent-last-name",
        "meta": "@sys.last-name",
        "userDefined": false
      }
    ],
    "isTemplate": false,
    "count": 0,
    "updated": 0
  },
  {
    "id": "8a39e645-0291-4f99-94f0-1d8a529d21d9",
    "data": [
      {
        "text": "he\u0027s my ",
        "userDefined": false
      },
      {
        "text": "son",
        "alias": "dependent-relation",
        "meta": "@relationship_to_filer",
        "userDefined": false
      }
    ],
    "isTemplate": false,
    "count": 0,
    "updated": 0
  },
  {
    "id": "732cd676-2b03-421b-996d-8436db12f75e",
    "data": [
      {
        "text": "Kade",
        "alias": "dependent-given-name",
        "meta": "@sys.given-name",
        "userDefined": false
      },
      {
        "text": " ",
        "userDefined": false
      },
      {
        "text": "Hinton",
        "alias": "dependent-last-name",
        "meta": "@sys.last-name",
        "userDefined": false
      }
    ],
    "isTemplate": false,
    "count": 0,
    "updated": 0
  },
  {
    "id": "40bacdbc-5bbb-4714-9ae5-8acda84a4c76",
    "data": [
      {
        "text": "14",
        "alias": "dependent-age",
        "meta": "@sys.number",
        "userDefined": false
      }
    ],
    "isTemplate": false,
    "count": 0,
    "updated": 0
  },
  {
    "id": "e04b9667-363a-46c3-8eb6-d64632ced5b7",
    "data": [
      {
        "text": "my ",
        "userDefined": false
      },
      {
        "text": "daughter",
        "alias": "dependent-relation",
        "meta": "@relationship_to_filer",
        "userDefined": false
      },
      {
        "text": " is ",
        "userDefined": false
      },
      {
        "text": "12",
        "alias": "dependent-age",
        "meta": "@sys.number",
        "userDefined": false
      },
      {
        "text": " years old, and her name is ",
        "userDefined": false
      },
      {
        "text": "Elly",
        "alias": "dependent-given-name",
        "meta": "@sys.given-name",
        "userDefined": false
      },
      {
        "text": " ",
        "userDefined": false
      },
      {
        "text": "Mccartney",
        "alias": "dependent-last-name",
        "meta": "@sys.last-name",
        "userDefined": false
      }
    ],
    "isTemplate": false,
    "count": 0,
    "updated": 0
  },
  {
    "id": "2252b846-fa41-45fe-9364-91e9ba5da3b9",
    "data": [
      {
        "text": "I have a ",
        "userDefined": false
      },
      {
        "text": "child",
        "alias": "dependent-relation",
        "meta": "@relationship_to_filer",
        "userDefined": false
      },
      {
        "text": " named ",
        "userDefined": false
      },
      {
        "text": "Amira",
        "alias": "dependent-given-name",
        "meta": "@sys.given-name",
        "userDefined": false
      },
      {
        "text": " ",
        "userDefined": false
      },
      {
        "text": "Senior",
        "alias": "dependent-last-name",
        "meta": "@sys.last-name",
        "userDefined": true
      },
      {
        "text": ". She\u0027s ",
        "userDefined": false
      },
      {
        "text": "3",
        "alias": "dependent-age",
        "meta": "@sys.number",
        "userDefined": false
      }
    ],
    "isTemplate": false,
    "count": 0,
    "updated": 0
  },
  {
    "id": "38bae9dd-f5f6-4d63-bd8d-411a4a1a0362",
    "data": [
      {
        "text": "I have a ",
        "userDefined": false
      },
      {
        "text": "9",
        "alias": "dependent-age",
        "meta": "@sys.number",
        "userDefined": false
      },
      {
        "text": " year old ",
        "userDefined": false
      },
      {
        "text": "son",
        "alias": "dependent-relation",
        "meta": "@relationship_to_filer",
        "userDefined": false
      },
      {
        "text": " named ",
        "userDefined": false
      },
      {
        "text": "Saira",
        "alias": "dependent-given-name",
        "meta": "@sys.given-name",
        "userDefined": false
      },
      {
        "text": " ",
        "userDefined": false
      },
      {
        "text": "Rubio",
        "alias": "dependent-last-name",
        "meta": "@sys.last-name",
        "userDefined": false
      },
      {
        "text": ".",
        "userDefined": false
      }
    ],
    "isTemplate": false,
    "count": 0,
    "updated": 0
  },
  {
    "id": "a2435642-a96e-4372-809a-1e6486d65842",
    "data": [
      {
        "text": "stanley",
        "alias": "dependent-given-name",
        "meta": "@sys.given-name",
        "userDefined": false
      },
      {
        "text": " ",
        "userDefined": false
      },
      {
        "text": "doe",
        "alias": "dependent-last-name",
        "meta": "@sys.last-name",
        "userDefined": false
      },
      {
        "text": ", ",
        "userDefined": false
      },
      {
        "text": "8",
        "alias": "dependent-age",
        "meta": "@sys.number",
        "userDefined": true
      },
      {
        "text": " years old, he\u0027s my ",
        "userDefined": false
      },
      {
        "text": "son",
        "alias": "dependent-relation",
        "meta": "@relationship_to_filer",
        "userDefined": false
      }
    ],
    "isTemplate": false,
    "count": 0,
    "updated": 0
  },
  {
    "id": "11d15c86-0a83-46e6-b3d2-f22590a67fe5",
    "data": [
      {
        "text": "his name is ",
        "userDefined": false
      },
      {
        "text": "david",
        "alias": "dependent-given-name",
        "meta": "@sys.given-name",
        "userDefined": false
      },
      {
        "text": " ",
        "userDefined": false
      },
      {
        "text": "coon",
        "alias": "dependent-last-name",
        "meta": "@sys.last-name",
        "userDefined": false
      },
      {
        "text": " and he\u0027s ",
        "userDefined": false
      },
      {
        "text": "10 years old",
        "alias": "dependent-age",
        "meta": "@sys.number",
        "userDefined": false
      },
      {
        "text": ". he\u0027s my ",
        "userDefined": false
      },
      {
        "text": "son",
        "alias": "dependent-relation",
        "meta": "@relationship_to_filer",
        "userDefined": false
      },
      {
        "text": ".",
        "userDefined": false
      }
    ],
    "isTemplate": false,
    "count": 0,
    "updated": 0
  },
  {
    "id": "93f5b8d8-fc7b-45da-9803-db8d9b5c6d12",
    "data": [
      {
        "text": "John",
        "alias": "dependent-given-name",
        "meta": "@sys.given-name",
        "userDefined": false
      },
      {
        "text": " ",
        "userDefined": false
      },
      {
        "text": "Smith",
        "alias": "dependent-last-name",
        "meta": "@sys.last-name",
        "userDefined": false
      },
      {
        "text": ", age ",
        "userDefined": false
      },
      {
        "text": "3",
        "alias": "dependent-age",
        "meta": "@sys.number",
        "userDefined": true
      },
      {
        "text": ". he\u0027s my ",
        "userDefined": false
      },
      {
        "text": "son",
        "alias": "dependent-relation",
        "meta": "@relationship_to_filer",
        "userDefined": false
      }
    ],
    "isTemplate": false,
    "count": 0,
    "updated": 0
  },
  {
    "id": "0a3a4f67-89e5-4b75-8382-321634f975b7",
    "data": [
      {
        "text": "seventeen",
        "alias": "dependent-age",
        "meta": "@sys.number",
        "userDefined": true
      },
      {
        "text": " year old ",
        "userDefined": false
      },
      {
        "text": "son",
        "alias": "dependent-relation",
        "meta": "@relationship_to_filer",
        "userDefined": true
      },
      {
        "text": " ",
        "userDefined": false
      },
      {
        "text": "Darren",
        "alias": "dependent-given-name",
        "meta": "@sys.given-name",
        "userDefined": true
      },
      {
        "text": " ",
        "userDefined": false
      },
      {
        "text": "Cahill",
        "alias": "dependent-last-name",
        "meta": "@sys.last-name",
        "userDefined": true
      }
    ],
    "isTemplate": false,
    "count": 0,
    "updated": 0
  },
  {
    "id": "edada403-e21c-4e0e-9b4b-d5fb123b8b0c",
    "data": [
      {
        "text": "My ",
        "userDefined": false
      },
      {
        "text": "daughter",
        "alias": "dependent-relation",
        "meta": "@relationship_to_filer",
        "userDefined": true
      },
      {
        "text": " ",
        "userDefined": false
      },
      {
        "text": "Cecily",
        "alias": "dependent-given-name",
        "meta": "@sys.given-name",
        "userDefined": true
      },
      {
        "text": " ",
        "userDefined": false
      },
      {
        "text": "Trubisky",
        "alias": "dependent-last-name",
        "meta": "@sys.last-name",
        "userDefined": true
      },
      {
        "text": ", aged ",
        "userDefined": false
      },
      {
        "text": "19",
        "alias": "dependent-age",
        "meta": "@sys.number",
        "userDefined": true
      }
    ],
    "isTemplate": false,
    "count": 0,
    "updated": 0
  },
  {
    "id": "d5598972-6d9d-4c2b-89c7-786e9250f575",
    "data": [
      {
        "text": "My ",
        "userDefined": false
      },
      {
        "text": "son",
        "alias": "dependent-relation",
        "meta": "@relationship_to_filer",
        "userDefined": true
      },
      {
        "text": "\u0027s name is ",
        "userDefined": false
      },
      {
        "text": "Winston",
        "alias": "dependent-given-name",
        "meta": "@sys.given-name",
        "userDefined": true
      },
      {
        "text": " ",
        "userDefined": false
      },
      {
        "text": "Churchill",
        "alias": "dependent-last-name",
        "meta": "@sys.last-name",
        "userDefined": true
      },
      {
        "text": " and he just turned ",
        "userDefined": false
      },
      {
        "text": "15",
        "alias": "dependent-age",
        "meta": "@sys.number",
        "userDefined": true
      }
    ],
    "isTemplate": false,
    "count": 0,
    "updated": 0
  },
  {
    "id": "28302519-8619-4aa6-a9c6-fb35a2269b8f",
    "data": [
      {
        "text": "my ",
        "userDefined": false
      },
      {
        "text": "daughter",
        "alias": "dependent-relation",
        "meta": "@relationship_to_filer",
        "userDefined": true
      },
      {
        "text": "\u0027s name is ",
        "userDefined": false
      },
      {
        "text": "Amy",
        "alias": "dependent-given-name",
        "meta": "@sys.given-name",
        "userDefined": false
      },
      {
        "text": " ",
        "userDefined": false
      },
      {
        "text": "Kim",
        "alias": "dependent-last-name",
        "meta": "@sys.last-name",
        "userDefined": false
      },
      {
        "text": ". She\u0027s ",
        "userDefined": false
      },
      {
        "text": "4 years old",
        "alias": "dependent-age",
        "meta": "@sys.number",
        "userDefined": false
      }
    ],
    "isTemplate": false,
    "count": 0,
    "updated": 0
  },
  {
    "id": "d8060c06-cea1-4bf0-9ec6-2c4e50ab63f6",
    "data": [
      {
        "text": "First name ",
        "userDefined": false
      },
      {
        "text": "Stacy",
        "alias": "dependent-given-name",
        "meta": "@sys.given-name",
        "userDefined": true
      },
      {
        "text": " last name ",
        "userDefined": false
      },
      {
        "text": "Katic",
        "alias": "dependent-last-name",
        "meta": "@sys.last-name",
        "userDefined": true
      },
      {
        "text": ", age ",
        "userDefined": false
      },
      {
        "text": "19",
        "alias": "dependent-age",
        "meta": "@sys.number",
        "userDefined": true
      },
      {
        "text": " and ",
        "userDefined": false
      },
      {
        "text": "sister",
        "alias": "dependent-relation",
        "meta": "@relationship_to_filer",
        "userDefined": true
      }
    ],
    "isTemplate": false,
    "count": 0,
    "updated": 0
  },
  {
    "id": "6a469501-3c27-4c30-bcfb-b7071abbec2e",
    "data": [
      {
        "text": "Gerald",
        "alias": "dependent-given-name",
        "meta": "@sys.given-name",
        "userDefined": true
      },
      {
        "text": " ",
        "userDefined": false
      },
      {
        "text": "Everett",
        "alias": "dependent-last-name",
        "meta": "@sys.last-name",
        "userDefined": true
      },
      {
        "text": ", ",
        "userDefined": false
      },
      {
        "text": "67",
        "alias": "dependent-age",
        "meta": "@sys.number",
        "userDefined": true
      },
      {
        "text": " years old and ",
        "userDefined": false
      },
      {
        "text": "parent",
        "alias": "dependent-relation",
        "meta": "@relationship_to_filer",
        "userDefined": true
      }
    ],
    "isTemplate": false,
    "count": 0,
    "updated": 0
  },
  {
    "id": "d5d29d56-6afe-40c4-801d-63e8defc878f",
    "data": [
      {
        "text": "Rebecca",
        "alias": "dependent-given-name",
        "meta": "@sys.given-name",
        "userDefined": true
      },
      {
        "text": " ",
        "userDefined": false
      },
      {
        "text": "Nolta",
        "alias": "dependent-last-name",
        "meta": "@sys.last-name",
        "userDefined": true
      },
      {
        "text": ", she\u0027s ",
        "userDefined": false
      },
      {
        "text": "14",
        "alias": "dependent-age",
        "meta": "@sys.number",
        "userDefined": true
      },
      {
        "text": ", and she\u0027s my ",
        "userDefined": false
      },
      {
        "text": "daughter",
        "alias": "dependent-relation",
        "meta": "@relationship_to_filer",
        "userDefined": true
      }
    ],
    "isTemplate": false,
    "count": 0,
    "updated": 0
  },
  {
    "id": "d9dfd14e-0e31-4bdc-a761-8f893eb2347a",
    "data": [
      {
        "text": "Steven",
        "alias": "dependent-given-name",
        "meta": "@sys.given-name",
        "userDefined": true
      },
      {
        "text": " ",
        "userDefined": false
      },
      {
        "text": "Johnson",
        "alias": "dependent-last-name",
        "meta": "@sys.last-name",
        "userDefined": true
      },
      {
        "text": ", ",
        "userDefined": false
      },
      {
        "text": "15",
        "alias": "dependent-age",
        "meta": "@sys.number",
        "userDefined": true
      },
      {
        "text": ", and ",
        "userDefined": false
      },
      {
        "text": "son",
        "alias": "dependent-relation",
        "meta": "@relationship_to_filer",
        "userDefined": true
      }
    ],
    "isTemplate": false,
    "count": 0,
    "updated": 0
  }
]