[
  {
    "id": "54bb99c7-ad3a-4bb7-902a-9f307c8d3a21",
    "data": [
      {
        "text": "Indeed",
        "alias": "is-married",
        "meta": "@bool",
        "userDefined": false
      }
    ],
    "isTemplate": false,
    "count": 0,
    "updated": 0
  },
  {
    "id": "dfac6a12-bb8f-48f0-86d5-e0cd3f702584",
    "data": [
      {
        "text": "I am married",
        "alias": "is-married",
        "meta": "@bool",
        "userDefined": true
      }
    ],
    "isTemplate": false,
    "count": 0,
    "updated": 0
  },
  {
    "id": "f670a317-b238-464b-9c38-d6d38c710bf2",
    "data": [
      {
        "text": "I am ",
        "userDefined": false
      },
      {
        "text": "not married",
        "alias": "is-married",
        "meta": "@bool",
        "userDefined": false
      }
    ],
    "isTemplate": false,
    "count": 0,
    "updated": 0
  },
  {
    "id": "4e2befeb-0cf5-41e5-bd1a-68e2f379183f",
    "data": [
      {
        "text": "No",
        "alias": "is-married",
        "meta": "@bool",
        "userDefined": false
      }
    ],
    "isTemplate": false,
    "count": 0,
    "updated": 0
  },
  {
    "id": "4977b1ea-c005-4956-8d1d-10681dc8f0fe",
    "data": [
      {
        "text": "Yes",
        "alias": "is-married",
        "meta": "@bool",
        "userDefined": false
      }
    ],
    "isTemplate": false,
    "count": 0,
    "updated": 0
  }
]