[
  {
    "id": "9d970baf-9a38-436c-8e05-e0baf8e78d22",
    "data": [
      {
        "text": "I\u0027m ",
        "userDefined": false
      },
      {
        "text": "single",
        "alias": "filing-status-married",
        "meta": "@filing_status",
        "userDefined": false
      }
    ],
    "isTemplate": false,
    "count": 0,
    "updated": 0
  },
  {
    "id": "fc47a73c-a86a-4c68-ba90-6ffc3c330be9",
    "data": [
      {
        "text": "married filing together",
        "alias": "filing-status-married",
        "meta": "@filing_status",
        "userDefined": false
      }
    ],
    "isTemplate": false,
    "count": 0,
    "updated": 0
  },
  {
    "id": "fa7ac335-80b8-4e9f-8b83-f1ca2c5eadfa",
    "data": [
      {
        "text": "married and filing with my husband",
        "alias": "filing-status-married",
        "meta": "@filing_status",
        "userDefined": false
      }
    ],
    "isTemplate": false,
    "count": 0,
    "updated": 0
  },
  {
    "id": "c31e5ec0-03cc-4a2f-8175-f7eb2adcdb78",
    "data": [
      {
        "text": "head of household",
        "alias": "filing-status-married",
        "meta": "@filing_status",
        "userDefined": false
      }
    ],
    "isTemplate": false,
    "count": 0,
    "updated": 0
  },
  {
    "id": "7fc868b7-7289-47ce-b8b1-29d9ed12563d",
    "data": [
      {
        "text": "single",
        "alias": "filing-status-married",
        "meta": "@filing_status",
        "userDefined": true
      }
    ],
    "isTemplate": false,
    "count": 0,
    "updated": 0
  },
  {
    "id": "5a5d97e1-356e-4223-9f9c-ec4671b0053f",
    "data": [
      {
        "text": "I\u0027m a ",
        "userDefined": false
      },
      {
        "text": "qualifying widower",
        "alias": "filing-status-married",
        "meta": "@filing_status",
        "userDefined": true
      }
    ],
    "isTemplate": false,
    "count": 0,
    "updated": 0
  },
  {
    "id": "04079969-3c34-4957-a3f3-7d4e61c87a22",
    "data": [
      {
        "text": "I am the ",
        "userDefined": false
      },
      {
        "text": "head of household",
        "alias": "filing-status-married",
        "meta": "@filing_status",
        "userDefined": false
      }
    ],
    "isTemplate": false,
    "count": 0,
    "updated": 0
  },
  {
    "id": "441865f5-238e-49a5-a7d1-dfa021990498",
    "data": [
      {
        "text": "I am ",
        "userDefined": false
      },
      {
        "text": "married and filing separately",
        "alias": "filing-status-married",
        "meta": "@filing_status",
        "userDefined": true
      }
    ],
    "isTemplate": false,
    "count": 0,
    "updated": 0
  },
  {
    "id": "0825f899-d3c7-4124-90b4-6243aa0f9bfb",
    "data": [
      {
        "text": "I\u0027m ",
        "userDefined": false
      },
      {
        "text": "married filing jointly",
        "alias": "filing-status-married",
        "meta": "@filing_status",
        "userDefined": false
      }
    ],
    "isTemplate": false,
    "count": 0,
    "updated": 0
  },
  {
    "id": "e859c22b-d74c-4194-b5ff-a8f7caabc145",
    "data": [
      {
        "text": "I am ",
        "userDefined": false
      },
      {
        "text": "single",
        "alias": "filing-status-married",
        "meta": "@filing_status",
        "userDefined": true
      }
    ],
    "isTemplate": false,
    "count": 0,
    "updated": 0
  }
]