[
  {
    "id": "077f33b2-4859-4e5e-814d-b42a60245e92",
    "data": [
      {
        "text": "123456879",
        "alias": "dependent-ssn",
        "meta": "@ssn",
        "userDefined": true
      }
    ],
    "isTemplate": false,
    "count": 0,
    "updated": 0
  },
  {
    "id": "3bf1891a-ff41-45d3-94ef-a073fed9257a",
    "data": [
      {
        "text": "2828484885899999",
        "alias": "dependent-ssn",
        "meta": "@ssn",
        "userDefined": true
      }
    ],
    "isTemplate": false,
    "count": 0,
    "updated": 0
  },
  {
    "id": "d8ce7561-9159-4b17-b476-fef1b129cf45",
    "data": [
      {
        "text": "504049393",
        "alias": "dependent-ssn",
        "meta": "@ssn",
        "userDefined": true
      }
    ],
    "isTemplate": false,
    "count": 0,
    "updated": 0
  },
  {
    "id": "89e10aeb-790c-48b5-97f8-266ee24a52ca",
    "data": [
      {
        "text": "494949393",
        "alias": "dependent-ssn",
        "meta": "@ssn",
        "userDefined": true
      }
    ],
    "isTemplate": false,
    "count": 0,
    "updated": 0
  },
  {
    "id": "52350780-fb6a-44cc-9ac6-adc1d041a2e7",
    "data": [
      {
        "text": "2039494939393",
        "alias": "dependent-ssn",
        "meta": "@ssn",
        "userDefined": true
      }
    ],
    "isTemplate": false,
    "count": 0,
    "updated": 0
  },
  {
    "id": "f6034fb7-55ff-40fa-9270-09f1375a72f6",
    "data": [
      {
        "text": "589594939349",
        "alias": "dependent-ssn",
        "meta": "@ssn",
        "userDefined": true
      }
    ],
    "isTemplate": false,
    "count": 0,
    "updated": 0
  },
  {
    "id": "56951bfa-08a3-4c3d-af50-9e4a2d62352a",
    "data": [
      {
        "text": "4999493020404",
        "alias": "dependent-ssn",
        "meta": "@ssn",
        "userDefined": true
      }
    ],
    "isTemplate": false,
    "count": 0,
    "updated": 0
  },
  {
    "id": "ec48c5cb-732d-42b9-985e-506ffdc1dee9",
    "data": [
      {
        "text": "483838495949494",
        "alias": "dependent-ssn",
        "meta": "@ssn",
        "userDefined": true
      }
    ],
    "isTemplate": false,
    "count": 0,
    "updated": 0
  },
  {
    "id": "673fc131-077e-4cce-993c-85239bbf4909",
    "data": [
      {
        "text": "12-3-4-5-6-7-8-9",
        "alias": "dependent-ssn",
        "meta": "@ssn",
        "userDefined": true
      }
    ],
    "isTemplate": false,
    "count": 0,
    "updated": 0
  },
  {
    "id": "b8478142-1a9d-45d5-b8cf-6629c394d678",
    "data": [
      {
        "text": "123-45-6789",
        "alias": "dependent-ssn",
        "meta": "@ssn",
        "userDefined": true
      }
    ],
    "isTemplate": false,
    "count": 0,
    "updated": 0
  },
  {
    "id": "45307c71-dd0b-47be-ae29-c744ab36902d",
    "data": [
      {
        "text": "it\u0027s ",
        "userDefined": false
      },
      {
        "text": "901290129",
        "alias": "dependent-ssn",
        "meta": "@ssn",
        "userDefined": false
      }
    ],
    "isTemplate": false,
    "count": 0,
    "updated": 0
  },
  {
    "id": "a9ea2a53-f5d8-47bf-902b-61fd4d12a267",
    "data": [
      {
        "text": "alex\u0027s social security number is ",
        "userDefined": false
      },
      {
        "text": "987361524",
        "alias": "dependent-ssn",
        "meta": "@ssn",
        "userDefined": false
      }
    ],
    "isTemplate": false,
    "count": 0,
    "updated": 0
  },
  {
    "id": "2563ee21-3edf-46ae-81cc-955b8c98199e",
    "data": [
      {
        "text": "his ssn is ",
        "userDefined": false
      },
      {
        "text": "126734905",
        "alias": "dependent-ssn",
        "meta": "@ssn",
        "userDefined": false
      }
    ],
    "isTemplate": false,
    "count": 0,
    "updated": 0
  },
  {
    "id": "857fa23b-9b54-4f6e-90ff-1020a93343fd",
    "data": [
      {
        "text": "her social security number is ",
        "userDefined": false
      },
      {
        "text": "168302847",
        "alias": "dependent-ssn",
        "meta": "@ssn",
        "userDefined": false
      }
    ],
    "isTemplate": false,
    "count": 0,
    "updated": 0
  },
  {
    "id": "9886c330-03ac-4e82-887e-7638f445695e",
    "data": [
      {
        "text": "084629123",
        "alias": "dependent-ssn",
        "meta": "@ssn",
        "userDefined": false
      }
    ],
    "isTemplate": false,
    "count": 0,
    "updated": 0
  },
  {
    "id": "49b2fcbd-58c0-43e7-8c8f-468bca3ca885",
    "data": [
      {
        "text": "859281038",
        "alias": "dependent-ssn",
        "meta": "@ssn",
        "userDefined": false
      }
    ],
    "isTemplate": false,
    "count": 0,
    "updated": 0
  },
  {
    "id": "3f1d34a7-3e73-406c-bb82-761be0a19cee",
    "data": [
      {
        "text": "543869372",
        "alias": "dependent-ssn",
        "meta": "@ssn",
        "userDefined": false
      }
    ],
    "isTemplate": false,
    "count": 0,
    "updated": 0
  },
  {
    "id": "7329dc32-a325-4702-9755-7857951e19b1",
    "data": [
      {
        "text": "123456789",
        "alias": "dependent-ssn",
        "meta": "@ssn",
        "userDefined": false
      }
    ],
    "isTemplate": false,
    "count": 0,
    "updated": 0
  }
]