[
  {
    "id": "99cfc906-8a53-470d-8bd2-f58925b82351",
    "data": [
      {
        "text": "Becky",
        "alias": "spouse-given-name",
        "meta": "@sys.given-name",
        "userDefined": false
      },
      {
        "text": " ",
        "userDefined": false
      },
      {
        "text": "Jimbo",
        "alias": "spouse-last-name",
        "meta": "@sys.last-name",
        "userDefined": false
      },
      {
        "text": ", ",
        "userDefined": false
      },
      {
        "text": "35",
        "alias": "spouse-age",
        "meta": "@sys.number-integer",
        "userDefined": false
      },
      {
        "text": ", and a ",
        "userDefined": false
      },
      {
        "text": "teacher",
        "alias": "spouse-occupation",
        "meta": "@occupation",
        "userDefined": false
      }
    ],
    "isTemplate": false,
    "count": 0,
    "updated": 0
  },
  {
    "id": "c8a4ac95-575d-4e3e-8a1b-5a655d7db819",
    "data": [
      {
        "text": "My spouses name is ",
        "userDefined": false
      },
      {
        "text": "Vinod",
        "alias": "spouse-given-name",
        "meta": "@sys.given-name",
        "userDefined": true
      },
      {
        "text": " ",
        "userDefined": false
      },
      {
        "text": "Raman",
        "alias": "spouse-last-name",
        "meta": "@sys.last-name",
        "userDefined": false
      },
      {
        "text": " and he is ",
        "userDefined": false
      },
      {
        "text": "45",
        "alias": "spouse-age",
        "meta": "@sys.number-integer",
        "userDefined": false
      },
      {
        "text": " years old and he is a ",
        "userDefined": false
      },
      {
        "text": "doctor",
        "alias": "spouse-occupation",
        "meta": "@occupation",
        "userDefined": true
      }
    ],
    "isTemplate": false,
    "count": 0,
    "updated": 0
  },
  {
    "id": "5c4f8d14-db5c-4edb-8d44-36fa04187b97",
    "data": [
      {
        "text": "My spouse\u0027s name is ",
        "userDefined": false
      },
      {
        "text": "Vinod",
        "alias": "spouse-given-name",
        "meta": "@sys.given-name",
        "userDefined": true
      },
      {
        "text": " ",
        "userDefined": false
      },
      {
        "text": "Raman",
        "alias": "spouse-last-name",
        "meta": "@sys.last-name",
        "userDefined": false
      },
      {
        "text": " and she is ",
        "userDefined": false
      },
      {
        "text": "45",
        "alias": "spouse-age",
        "meta": "@sys.number-integer",
        "userDefined": false
      },
      {
        "text": " years old and is a ",
        "userDefined": false
      },
      {
        "text": "plumber",
        "alias": "spouse-occupation",
        "meta": "@occupation",
        "userDefined": true
      }
    ],
    "isTemplate": false,
    "count": 0,
    "updated": 0
  },
  {
    "id": "a3f198f1-5e2e-4436-b7b0-d8d4e6e313ca",
    "data": [
      {
        "text": "Connor",
        "alias": "spouse-given-name",
        "meta": "@sys.given-name",
        "userDefined": true
      },
      {
        "text": " ",
        "userDefined": false
      },
      {
        "text": "Maes",
        "alias": "spouse-last-name",
        "meta": "@sys.last-name",
        "userDefined": true
      },
      {
        "text": ", ",
        "userDefined": false
      },
      {
        "text": "32",
        "alias": "spouse-age",
        "meta": "@sys.number-integer",
        "userDefined": true
      },
      {
        "text": " years old, ",
        "userDefined": false
      },
      {
        "text": "lawyer",
        "alias": "spouse-occupation",
        "meta": "@occupation",
        "userDefined": true
      }
    ],
    "isTemplate": false,
    "count": 0,
    "updated": 0
  },
  {
    "id": "5ccb4952-bb9f-4e97-9b5f-3eb78a8f01ce",
    "data": [
      {
        "text": "Jane",
        "alias": "spouse-given-name",
        "meta": "@sys.given-name",
        "userDefined": true
      },
      {
        "text": " ",
        "userDefined": false
      },
      {
        "text": "Foster",
        "alias": "spouse-last-name",
        "meta": "@sys.last-name",
        "userDefined": false
      },
      {
        "text": " and ",
        "userDefined": false
      },
      {
        "text": "32",
        "alias": "spouse-age",
        "meta": "@sys.number-integer",
        "userDefined": false
      }
    ],
    "isTemplate": false,
    "count": 0,
    "updated": 0
  },
  {
    "id": "0d810ad4-2432-4ed7-85fd-1df011f5d209",
    "data": [
      {
        "text": "my husband is ",
        "userDefined": false
      },
      {
        "text": "40",
        "alias": "spouse-age",
        "meta": "@sys.number-integer",
        "userDefined": false
      },
      {
        "text": " years old, and the name is ",
        "userDefined": false
      },
      {
        "text": "Olaf",
        "alias": "spouse-given-name",
        "meta": "@sys.given-name",
        "userDefined": false
      },
      {
        "text": " ",
        "userDefined": false
      },
      {
        "text": "Stephens",
        "alias": "spouse-last-name",
        "meta": "@sys.last-name",
        "userDefined": false
      }
    ],
    "isTemplate": false,
    "count": 0,
    "updated": 0
  },
  {
    "id": "33168a97-ebe2-48a9-a91f-d3f7f476d053",
    "data": [
      {
        "text": "she\u0027s ",
        "userDefined": false
      },
      {
        "text": "50",
        "alias": "spouse-age",
        "meta": "@sys.number-integer",
        "userDefined": false
      },
      {
        "text": ", and her name is ",
        "userDefined": false
      },
      {
        "text": "Mila",
        "alias": "spouse-given-name",
        "meta": "@sys.given-name",
        "userDefined": false
      },
      {
        "text": " ",
        "userDefined": false
      },
      {
        "text": "Calhoun",
        "alias": "spouse-last-name",
        "meta": "@sys.last-name",
        "userDefined": false
      }
    ],
    "isTemplate": false,
    "count": 0,
    "updated": 0
  },
  {
    "id": "42bf1708-7dc6-43dd-ae84-49ed928cd5c0",
    "data": [
      {
        "text": "first",
        "meta": "@sys.ignore",
        "userDefined": false
      },
      {
        "text": " name is ",
        "userDefined": false
      },
      {
        "text": "Kyran",
        "alias": "spouse-given-name",
        "meta": "@sys.given-name",
        "userDefined": false
      },
      {
        "text": ", last name is ",
        "userDefined": false
      },
      {
        "text": "Weiss",
        "alias": "spouse-last-name",
        "meta": "@sys.last-name",
        "userDefined": false
      },
      {
        "text": ". he\u0027s ",
        "userDefined": false
      },
      {
        "text": "34",
        "alias": "spouse-age",
        "meta": "@sys.number-integer",
        "userDefined": false
      },
      {
        "text": ".",
        "userDefined": false
      }
    ],
    "isTemplate": false,
    "count": 0,
    "updated": 0
  },
  {
    "id": "847ebac3-a43a-4cd7-92d7-e466600ab20d",
    "data": [
      {
        "text": "my spouse\u0027s name is ",
        "userDefined": false
      },
      {
        "text": "Chloe-Ann",
        "alias": "spouse-given-name",
        "meta": "@sys.given-name",
        "userDefined": true
      },
      {
        "text": " ",
        "userDefined": false
      },
      {
        "text": "Enriquez",
        "alias": "spouse-last-name",
        "meta": "@sys.last-name",
        "userDefined": false
      },
      {
        "text": ". she is ",
        "userDefined": false
      },
      {
        "text": "29",
        "alias": "spouse-age",
        "meta": "@sys.number-integer",
        "userDefined": false
      },
      {
        "text": ".",
        "userDefined": false
      }
    ],
    "isTemplate": false,
    "count": 0,
    "updated": 0
  },
  {
    "id": "bde46433-987d-420e-b299-cfded1019a1c",
    "data": [
      {
        "text": "my wife\u0027s name is ",
        "userDefined": false
      },
      {
        "text": "Klara",
        "alias": "spouse-given-name",
        "meta": "@sys.given-name",
        "userDefined": false
      },
      {
        "text": " ",
        "userDefined": false
      },
      {
        "text": "Clay",
        "alias": "spouse-last-name",
        "meta": "@sys.last-name",
        "userDefined": false
      },
      {
        "text": ", and her age is ",
        "userDefined": false
      },
      {
        "text": "30",
        "alias": "spouse-age",
        "meta": "@sys.number-integer",
        "userDefined": false
      },
      {
        "text": " years old",
        "userDefined": false
      }
    ],
    "isTemplate": false,
    "count": 0,
    "updated": 0
  },
  {
    "id": "4d8df8c7-3ce4-450b-aa94-d99b6499c983",
    "data": [
      {
        "text": "the name is ",
        "userDefined": false
      },
      {
        "text": "Bradlee",
        "alias": "spouse-given-name",
        "meta": "@sys.given-name",
        "userDefined": false
      },
      {
        "text": " ",
        "userDefined": false
      },
      {
        "text": "Wang",
        "alias": "spouse-last-name",
        "meta": "@sys.last-name",
        "userDefined": false
      },
      {
        "text": ", age is ",
        "userDefined": false
      },
      {
        "text": "55",
        "alias": "spouse-age",
        "meta": "@sys.number-integer",
        "userDefined": false
      }
    ],
    "isTemplate": false,
    "count": 0,
    "updated": 0
  },
  {
    "id": "c7d65d24-3f90-4033-b958-ea074b9b456f",
    "data": [
      {
        "text": "first",
        "meta": "@sys.ignore",
        "userDefined": false
      },
      {
        "text": " name ",
        "userDefined": false
      },
      {
        "text": "Maizie",
        "alias": "spouse-given-name",
        "meta": "@sys.given-name",
        "userDefined": false
      },
      {
        "text": " last name ",
        "userDefined": false
      },
      {
        "text": "Stephens",
        "alias": "spouse-last-name",
        "meta": "@sys.last-name",
        "userDefined": false
      },
      {
        "text": " age ",
        "userDefined": false
      },
      {
        "text": "59",
        "alias": "spouse-age",
        "meta": "@sys.number-integer",
        "userDefined": false
      }
    ],
    "isTemplate": false,
    "count": 0,
    "updated": 0
  },
  {
    "id": "783c45fd-0d3b-4b4d-9e28-e011a021b2b5",
    "data": [
      {
        "text": "her name is ",
        "userDefined": false
      },
      {
        "text": "Abigail",
        "alias": "spouse-given-name",
        "meta": "@sys.given-name",
        "userDefined": false
      },
      {
        "text": " ",
        "userDefined": false
      },
      {
        "text": "Shelton",
        "alias": "spouse-last-name",
        "meta": "@sys.last-name",
        "userDefined": false
      },
      {
        "text": ", she\u0027s ",
        "userDefined": false
      },
      {
        "text": "36",
        "alias": "spouse-age",
        "meta": "@sys.number-integer",
        "userDefined": false
      },
      {
        "text": " years old",
        "userDefined": false
      }
    ],
    "isTemplate": false,
    "count": 0,
    "updated": 0
  },
  {
    "id": "1ac404af-bfe7-4583-97f6-105ad8fe9b0d",
    "data": [
      {
        "text": "Kajol",
        "alias": "spouse-given-name",
        "meta": "@sys.given-name",
        "userDefined": true
      },
      {
        "text": " ",
        "userDefined": false
      },
      {
        "text": "Lam",
        "alias": "spouse-last-name",
        "meta": "@sys.last-name",
        "userDefined": false
      },
      {
        "text": ", ",
        "userDefined": false
      },
      {
        "text": "41",
        "alias": "spouse-age",
        "meta": "@sys.number-integer",
        "userDefined": false
      },
      {
        "text": " years old",
        "userDefined": false
      }
    ],
    "isTemplate": false,
    "count": 0,
    "updated": 0
  },
  {
    "id": "1449ed4e-c204-43f6-8ad1-8b9ac9ac2646",
    "data": [
      {
        "text": "my husband is ",
        "userDefined": false
      },
      {
        "text": "Alton",
        "alias": "spouse-given-name",
        "meta": "@sys.given-name",
        "userDefined": false
      },
      {
        "text": " ",
        "userDefined": false
      },
      {
        "text": "Lane",
        "alias": "spouse-last-name",
        "meta": "@sys.last-name",
        "userDefined": false
      },
      {
        "text": ", and he is ",
        "userDefined": false
      },
      {
        "text": "42",
        "alias": "spouse-age",
        "meta": "@sys.number-integer",
        "userDefined": false
      },
      {
        "text": ".",
        "userDefined": false
      }
    ],
    "isTemplate": false,
    "count": 0,
    "updated": 0
  },
  {
    "id": "4331c60e-e073-469d-a78f-455d8415b9c1",
    "data": [
      {
        "text": "Rami",
        "alias": "spouse-given-name",
        "meta": "@sys.given-name",
        "userDefined": true
      },
      {
        "text": " ",
        "userDefined": false
      },
      {
        "text": "Malek",
        "alias": "spouse-last-name",
        "meta": "@sys.last-name",
        "userDefined": true
      },
      {
        "text": ", ",
        "userDefined": false
      },
      {
        "text": "53",
        "alias": "spouse-age",
        "meta": "@sys.number-integer",
        "userDefined": true
      }
    ],
    "isTemplate": false,
    "count": 0,
    "updated": 0
  },
  {
    "id": "f123520c-4980-4408-aa08-20812b34c5c5",
    "data": [
      {
        "text": "Jane",
        "alias": "spouse-given-name",
        "meta": "@sys.given-name",
        "userDefined": true
      },
      {
        "text": " ",
        "userDefined": false
      },
      {
        "text": "Goodall",
        "alias": "spouse-last-name",
        "meta": "@sys.last-name",
        "userDefined": true
      },
      {
        "text": " and ",
        "userDefined": false
      },
      {
        "text": "25",
        "alias": "spouse-age",
        "meta": "@sys.number-integer",
        "userDefined": true
      }
    ],
    "isTemplate": false,
    "count": 0,
    "updated": 0
  },
  {
    "id": "740f58c2-5734-448e-a739-588e6a500701",
    "data": [
      {
        "text": "I am filing on behalf of my husband, ",
        "userDefined": false
      },
      {
        "text": "Cory",
        "alias": "spouse-given-name",
        "meta": "@sys.given-name",
        "userDefined": true
      },
      {
        "text": " ",
        "userDefined": false
      },
      {
        "text": "Anderson",
        "alias": "spouse-last-name",
        "meta": "@sys.last-name",
        "userDefined": true
      },
      {
        "text": " who is ",
        "userDefined": false
      },
      {
        "text": "24",
        "alias": "spouse-age",
        "meta": "@sys.number-integer",
        "userDefined": true
      },
      {
        "text": " years old.",
        "userDefined": false
      }
    ],
    "isTemplate": false,
    "count": 0,
    "updated": 0
  },
  {
    "id": "6a18fbd4-709a-4bfe-be36-8cec2eee7ab9",
    "data": [
      {
        "text": "I am married to ",
        "userDefined": false
      },
      {
        "text": "Vincent",
        "alias": "spouse-given-name",
        "meta": "@sys.given-name",
        "userDefined": true
      },
      {
        "text": " ",
        "userDefined": false
      },
      {
        "text": "Lombardi",
        "alias": "spouse-last-name",
        "meta": "@sys.last-name",
        "userDefined": true
      },
      {
        "text": ". Age ",
        "userDefined": false
      },
      {
        "text": "76",
        "alias": "spouse-age",
        "meta": "@sys.number-integer",
        "userDefined": true
      },
      {
        "text": ".",
        "userDefined": false
      }
    ],
    "isTemplate": false,
    "count": 0,
    "updated": 0
  },
  {
    "id": "5b002dee-1b12-4921-a46f-89fea7a60e46",
    "data": [
      {
        "text": "My married partner\u0027s name is ",
        "userDefined": false
      },
      {
        "text": "Susan",
        "alias": "spouse-given-name",
        "meta": "@sys.given-name",
        "userDefined": true
      },
      {
        "text": " ",
        "userDefined": false
      },
      {
        "text": "Collins",
        "alias": "spouse-last-name",
        "meta": "@sys.last-name",
        "userDefined": true
      },
      {
        "text": " and she\u0027s ",
        "userDefined": false
      },
      {
        "text": "57",
        "alias": "spouse-age",
        "meta": "@sys.number-integer",
        "userDefined": true
      },
      {
        "text": " years old.",
        "userDefined": false
      }
    ],
    "isTemplate": false,
    "count": 0,
    "updated": 0
  },
  {
    "id": "1d94ece0-4585-49e7-b7e5-9361fb9a1add",
    "data": [
      {
        "text": "My spouse\u0027s name is ",
        "userDefined": false
      },
      {
        "text": "Ted",
        "alias": "spouse-given-name",
        "meta": "@sys.given-name",
        "userDefined": true
      },
      {
        "text": " ",
        "userDefined": false
      },
      {
        "text": "Stevens.",
        "alias": "spouse-last-name",
        "meta": "@sys.last-name",
        "userDefined": true
      },
      {
        "text": " ",
        "userDefined": false
      },
      {
        "text": "92",
        "alias": "spouse-age",
        "meta": "@sys.number-integer",
        "userDefined": true
      }
    ],
    "isTemplate": false,
    "count": 0,
    "updated": 0
  },
  {
    "id": "069f7573-e3c2-471c-8f44-5c0902f23a5d",
    "data": [
      {
        "text": "My husband\u0027s name is ",
        "userDefined": false
      },
      {
        "text": "Derek",
        "alias": "spouse-given-name",
        "meta": "@sys.given-name",
        "userDefined": true
      },
      {
        "text": " ",
        "userDefined": false
      },
      {
        "text": "Anderson",
        "alias": "spouse-last-name",
        "meta": "@sys.last-name",
        "userDefined": true
      },
      {
        "text": ". ",
        "userDefined": false
      },
      {
        "text": "56",
        "alias": "spouse-age",
        "meta": "@sys.number-integer",
        "userDefined": true
      },
      {
        "text": " years old",
        "userDefined": false
      }
    ],
    "isTemplate": false,
    "count": 0,
    "updated": 0
  },
  {
    "id": "b7416738-efee-4a3a-ac54-5fccaf8b75f6",
    "data": [
      {
        "text": "26",
        "alias": "spouse-age",
        "meta": "@sys.number-integer",
        "userDefined": true
      },
      {
        "text": " years old and My wife\u0027s name ",
        "userDefined": false
      },
      {
        "text": "is",
        "meta": "@sys.ignore",
        "userDefined": true
      },
      {
        "text": " ",
        "userDefined": false
      },
      {
        "text": "Regina",
        "alias": "spouse-given-name",
        "meta": "@sys.given-name",
        "userDefined": true
      },
      {
        "text": " ",
        "userDefined": false
      },
      {
        "text": "Philange",
        "alias": "spouse-last-name",
        "meta": "@sys.last-name",
        "userDefined": true
      }
    ],
    "isTemplate": false,
    "count": 0,
    "updated": 0
  }
]