[
  {
    "id": "c38df1d0-7867-440f-9279-dce6af640b68",
    "data": [
      {
        "text": "I am ",
        "userDefined": false
      },
      {
        "text": "25",
        "alias": "age",
        "meta": "@sys.number-integer",
        "userDefined": false
      },
      {
        "text": " years of age",
        "userDefined": false
      }
    ],
    "isTemplate": false,
    "count": 0,
    "updated": 0
  },
  {
    "id": "e6d01733-df71-4c40-995f-cf1569c993e4",
    "data": [
      {
        "text": "My age is ",
        "userDefined": false
      },
      {
        "text": "67",
        "alias": "age",
        "meta": "@sys.number-integer",
        "userDefined": false
      },
      {
        "text": " years",
        "userDefined": false
      }
    ],
    "isTemplate": false,
    "count": 0,
    "updated": 0
  },
  {
    "id": "a41ff93d-e1f8-4c7c-89d1-9700d2809ac5",
    "data": [
      {
        "text": "I am ",
        "userDefined": false
      },
      {
        "text": "76",
        "alias": "age",
        "meta": "@sys.number-integer",
        "userDefined": false
      },
      {
        "text": " years of age",
        "userDefined": false
      }
    ],
    "isTemplate": false,
    "count": 0,
    "updated": 0
  },
  {
    "id": "a5dc94eb-2a02-4de0-a6e4-365347967101",
    "data": [
      {
        "text": "I am a ",
        "userDefined": false
      },
      {
        "text": "construction worker",
        "alias": "occupation",
        "meta": "@occupation",
        "userDefined": true
      }
    ],
    "isTemplate": false,
    "count": 0,
    "updated": 0
  },
  {
    "id": "e38bbd14-72cd-4dcf-a53b-6accbe5f40e1",
    "data": [
      {
        "text": "I am a ",
        "userDefined": false
      },
      {
        "text": "lawyer",
        "alias": "occupation",
        "meta": "@occupation",
        "userDefined": true
      }
    ],
    "isTemplate": false,
    "count": 0,
    "updated": 0
  },
  {
    "id": "560e118b-f122-4cab-8004-ed5551818770",
    "data": [
      {
        "text": "I am ",
        "userDefined": false
      },
      {
        "text": "27",
        "alias": "age",
        "meta": "@sys.number-integer",
        "userDefined": false
      },
      {
        "text": " years of age",
        "userDefined": false
      }
    ],
    "isTemplate": false,
    "count": 0,
    "updated": 0
  },
  {
    "id": "9fe024da-3b5b-4b17-a1d3-5e82d158c948",
    "data": [
      {
        "text": "I am ",
        "userDefined": false
      },
      {
        "text": "67",
        "alias": "age",
        "meta": "@sys.number-integer",
        "userDefined": false
      },
      {
        "text": " years old",
        "userDefined": false
      }
    ],
    "isTemplate": false,
    "count": 0,
    "updated": 0
  },
  {
    "id": "6045f2fe-cb98-4536-b98f-e15e06b285b5",
    "data": [
      {
        "text": "I\u0027m ",
        "userDefined": false
      },
      {
        "text": "37",
        "alias": "age",
        "meta": "@sys.number-integer",
        "userDefined": false
      },
      {
        "text": ", and I\u0027m a ",
        "userDefined": false
      },
      {
        "text": "preschool teacher",
        "alias": "occupation",
        "meta": "@occupation",
        "userDefined": true
      }
    ],
    "isTemplate": false,
    "count": 0,
    "updated": 0
  },
  {
    "id": "acccc6f7-4ff5-4bed-8f47-77ce07b39164",
    "data": [
      {
        "text": "I\u0027m a ",
        "userDefined": false
      },
      {
        "text": "psychiatrist",
        "alias": "occupation",
        "meta": "@occupation",
        "userDefined": true
      }
    ],
    "isTemplate": false,
    "count": 0,
    "updated": 0
  },
  {
    "id": "57190399-eed3-4444-b3d9-27c1c7b32b94",
    "data": [
      {
        "text": "I\u0027m a ",
        "userDefined": false
      },
      {
        "text": "pilot",
        "alias": "occupation",
        "meta": "@occupation",
        "userDefined": true
      }
    ],
    "isTemplate": false,
    "count": 1,
    "updated": 0
  },
  {
    "id": "3ce0d230-1e77-4c96-976a-8dac7421e053",
    "data": [
      {
        "text": "25",
        "alias": "age",
        "meta": "@sys.number-integer",
        "userDefined": true
      }
    ],
    "isTemplate": false,
    "count": 0,
    "updated": 0
  },
  {
    "id": "f721aa59-d208-42e6-a83f-1e332bce3c75",
    "data": [
      {
        "text": "mary",
        "alias": "given-name",
        "meta": "@sys.given-name",
        "userDefined": false
      },
      {
        "text": " ",
        "userDefined": false
      },
      {
        "text": "jane",
        "alias": "last-name",
        "meta": "@sys.last-name",
        "userDefined": false
      }
    ],
    "isTemplate": false,
    "count": 0,
    "updated": 0
  },
  {
    "id": "19050d3b-b292-454c-9bc7-9fda4c99a766",
    "data": [
      {
        "text": "10",
        "alias": "age",
        "meta": "@sys.number-integer",
        "userDefined": false
      }
    ],
    "isTemplate": false,
    "count": 0,
    "updated": 0
  },
  {
    "id": "2859b9cb-1a60-4b49-ace6-56da379cff13",
    "data": [
      {
        "text": "7",
        "alias": "age",
        "meta": "@sys.number-integer",
        "userDefined": false
      }
    ],
    "isTemplate": false,
    "count": 0,
    "updated": 0
  },
  {
    "id": "c417ec41-9483-42f2-9a42-726109747e62",
    "data": [
      {
        "text": "he\u0027s ",
        "userDefined": false
      },
      {
        "text": "2",
        "alias": "age",
        "meta": "@sys.number-integer",
        "userDefined": false
      }
    ],
    "isTemplate": false,
    "count": 0,
    "updated": 0
  },
  {
    "id": "bbfe9d85-d1c0-4bcc-83b9-01685c5da12e",
    "data": [
      {
        "text": "gloria",
        "alias": "given-name",
        "meta": "@sys.given-name",
        "userDefined": false
      },
      {
        "text": " ",
        "userDefined": false
      },
      {
        "text": "kang",
        "alias": "last-name",
        "meta": "@sys.last-name",
        "userDefined": false
      }
    ],
    "isTemplate": false,
    "count": 0,
    "updated": 0
  },
  {
    "id": "a6ffc81b-dba3-4f05-985a-b59b4fc1c1db",
    "data": [
      {
        "text": "sally",
        "alias": "given-name",
        "meta": "@sys.given-name",
        "userDefined": false
      },
      {
        "text": " ",
        "userDefined": false
      },
      {
        "text": "doe",
        "alias": "last-name",
        "meta": "@sys.last-name",
        "userDefined": false
      },
      {
        "text": " age ",
        "userDefined": false
      },
      {
        "text": "20",
        "alias": "age",
        "meta": "@sys.number-integer",
        "userDefined": false
      }
    ],
    "isTemplate": false,
    "count": 0,
    "updated": 0
  },
  {
    "id": "f7a3aaed-e993-4617-bdec-e8e03f9e99e1",
    "data": [
      {
        "text": "I\u0027m ",
        "userDefined": false
      },
      {
        "text": "43",
        "alias": "age",
        "meta": "@sys.number-integer",
        "userDefined": false
      }
    ],
    "isTemplate": false,
    "count": 0,
    "updated": 0
  },
  {
    "id": "3fd0c3f7-ebb9-46f1-a1b0-80c2042bac95",
    "data": [
      {
        "text": "54",
        "alias": "age",
        "meta": "@sys.number-integer",
        "userDefined": false
      }
    ],
    "isTemplate": false,
    "count": 0,
    "updated": 0
  },
  {
    "id": "94f8252a-6f82-4aba-82a0-4dad093e629c",
    "data": [
      {
        "text": "20",
        "alias": "age",
        "meta": "@sys.number-integer",
        "userDefined": false
      }
    ],
    "isTemplate": false,
    "count": 0,
    "updated": 0
  },
  {
    "id": "68d2d045-232d-4b2f-98df-3b2268248198",
    "data": [
      {
        "text": "Anushka",
        "alias": "given-name",
        "meta": "@sys.given-name",
        "userDefined": true
      },
      {
        "text": " ",
        "userDefined": false
      },
      {
        "text": "Haldar",
        "alias": "last-name",
        "meta": "@sys.last-name",
        "userDefined": true
      },
      {
        "text": ", I\u0027m ",
        "userDefined": false
      },
      {
        "text": "twenty one",
        "alias": "age",
        "meta": "@sys.number-integer",
        "userDefined": true
      },
      {
        "text": " and I\u0027m a ",
        "userDefined": false
      },
      {
        "text": "graphic designer",
        "alias": "occupation",
        "meta": "@occupation",
        "userDefined": true
      }
    ],
    "isTemplate": false,
    "count": 0,
    "updated": 0
  },
  {
    "id": "c000ece2-4832-4e21-898f-644b10a003e1",
    "data": [
      {
        "text": "Chef",
        "alias": "occupation",
        "meta": "@occupation",
        "userDefined": true
      },
      {
        "text": ", ",
        "userDefined": false
      },
      {
        "text": "thirty-five,",
        "alias": "age",
        "meta": "@sys.number-integer",
        "userDefined": true
      },
      {
        "text": " name\u0027s ",
        "userDefined": false
      },
      {
        "text": "James",
        "alias": "given-name",
        "meta": "@sys.given-name",
        "userDefined": true
      },
      {
        "text": " ",
        "userDefined": false
      },
      {
        "text": "Bond",
        "alias": "last-name",
        "meta": "@sys.last-name",
        "userDefined": true
      }
    ],
    "isTemplate": false,
    "count": 0,
    "updated": 0
  },
  {
    "id": "68c7a7f2-fb54-4de1-9311-cb145c22ea05",
    "data": [
      {
        "text": "I\u0027m ",
        "userDefined": false
      },
      {
        "text": "Wes",
        "alias": "given-name",
        "meta": "@sys.given-name",
        "userDefined": true
      },
      {
        "text": " ",
        "userDefined": false
      },
      {
        "text": "Gawel",
        "alias": "last-name",
        "meta": "@sys.last-name",
        "userDefined": true
      },
      {
        "text": ", I\u0027m ",
        "userDefined": false
      },
      {
        "text": "21",
        "alias": "age",
        "meta": "@sys.number-integer",
        "userDefined": true
      },
      {
        "text": " and I\u0027m a ",
        "userDefined": false
      },
      {
        "text": "personal trainer",
        "alias": "occupation",
        "meta": "@occupation",
        "userDefined": true
      }
    ],
    "isTemplate": false,
    "count": 0,
    "updated": 0
  },
  {
    "id": "f8f8b527-a4b0-47be-82a9-4ef1fa414710",
    "data": [
      {
        "text": "The name is ",
        "userDefined": false
      },
      {
        "text": "Katie",
        "alias": "given-name",
        "meta": "@sys.given-name",
        "userDefined": true
      },
      {
        "text": " ",
        "userDefined": false
      },
      {
        "text": "Johnson",
        "alias": "last-name",
        "meta": "@sys.last-name",
        "userDefined": true
      },
      {
        "text": ", my age is ",
        "userDefined": false
      },
      {
        "text": "98",
        "alias": "age",
        "meta": "@sys.number-integer",
        "userDefined": true
      },
      {
        "text": " and I\u0027m a ",
        "userDefined": false
      },
      {
        "text": "postal delivery worker",
        "alias": "occupation",
        "meta": "@occupation",
        "userDefined": true
      }
    ],
    "isTemplate": false,
    "count": 0,
    "updated": 0
  },
  {
    "id": "c2f68314-dba9-433d-89b4-5ef1dcec49ad",
    "data": [
      {
        "text": "My name is ",
        "userDefined": false
      },
      {
        "text": "Kylie",
        "alias": "given-name",
        "meta": "@sys.given-name",
        "userDefined": true
      },
      {
        "text": " ",
        "userDefined": false
      },
      {
        "text": "Jenner",
        "alias": "last-name",
        "meta": "@sys.last-name",
        "userDefined": true
      },
      {
        "text": ", my age is ",
        "userDefined": false
      },
      {
        "text": "42",
        "alias": "age",
        "meta": "@sys.number-integer",
        "userDefined": true
      },
      {
        "text": " and I\u0027m an ",
        "userDefined": false
      },
      {
        "text": "entrepreneur",
        "alias": "occupation",
        "meta": "@occupation",
        "userDefined": true
      }
    ],
    "isTemplate": false,
    "count": 0,
    "updated": 0
  },
  {
    "id": "eab54b1e-2a22-41bb-a101-a2991c96a397",
    "data": [
      {
        "text": "The ",
        "userDefined": false
      },
      {
        "text": "name",
        "meta": "@sys.ignore",
        "userDefined": false
      },
      {
        "text": " is ",
        "userDefined": false
      },
      {
        "text": "Stanley",
        "alias": "given-name",
        "meta": "@sys.given-name",
        "userDefined": true
      },
      {
        "text": " ",
        "userDefined": false
      },
      {
        "text": "Kubrik",
        "alias": "last-name",
        "meta": "@sys.last-name",
        "userDefined": true
      },
      {
        "text": ", age ",
        "userDefined": false
      },
      {
        "text": "87",
        "alias": "age",
        "meta": "@sys.number-integer",
        "userDefined": true
      },
      {
        "text": ", occupation ",
        "userDefined": false
      },
      {
        "text": "software engineer",
        "alias": "occupation",
        "meta": "@occupation",
        "userDefined": true
      }
    ],
    "isTemplate": false,
    "count": 0,
    "updated": 0
  },
  {
    "id": "b0b84409-302c-4bfe-a258-eee774d08eaa",
    "data": [
      {
        "text": "My name is ",
        "userDefined": false
      },
      {
        "text": "Richard",
        "alias": "given-name",
        "meta": "@sys.given-name",
        "userDefined": true
      },
      {
        "text": " ",
        "userDefined": false
      },
      {
        "text": "Kimble",
        "alias": "last-name",
        "meta": "@sys.last-name",
        "userDefined": true
      },
      {
        "text": ", I\u0027m ",
        "userDefined": false
      },
      {
        "text": "45",
        "alias": "age",
        "meta": "@sys.number-integer",
        "userDefined": true
      },
      {
        "text": " and I\u0027m a ",
        "userDefined": false
      },
      {
        "text": "teacher",
        "alias": "occupation",
        "meta": "@occupation",
        "userDefined": true
      }
    ],
    "isTemplate": false,
    "count": 0,
    "updated": 0
  },
  {
    "id": "e988f479-7409-4b89-9ca6-36a4f0d7206d",
    "data": [
      {
        "text": "My name is ",
        "userDefined": false
      },
      {
        "text": "Vance",
        "alias": "given-name",
        "meta": "@sys.given-name",
        "userDefined": true
      },
      {
        "text": " ",
        "userDefined": false
      },
      {
        "text": "Joseph",
        "alias": "last-name",
        "meta": "@sys.last-name",
        "userDefined": true
      },
      {
        "text": ". I am ",
        "userDefined": false
      },
      {
        "text": "55",
        "alias": "age",
        "meta": "@sys.number-integer",
        "userDefined": true
      },
      {
        "text": " years old. I am ",
        "userDefined": false
      },
      {
        "text": "retired",
        "alias": "occupation",
        "meta": "@occupation",
        "userDefined": true
      },
      {
        "text": ".",
        "userDefined": false
      }
    ],
    "isTemplate": false,
    "count": 0,
    "updated": 0
  },
  {
    "id": "cd9361d4-1a87-4c99-8c22-1af2963ad702",
    "data": [
      {
        "text": "artist",
        "alias": "occupation",
        "meta": "@occupation",
        "userDefined": true
      }
    ],
    "isTemplate": false,
    "count": 0,
    "updated": 0
  },
  {
    "id": "02aa76da-ecb6-44c4-b99c-50ba6f1de043",
    "data": [
      {
        "text": "69",
        "alias": "age",
        "meta": "@sys.number-integer",
        "userDefined": true
      }
    ],
    "isTemplate": false,
    "count": 1,
    "updated": 0
  },
  {
    "id": "33699b4d-44cb-4c83-a487-d72e95fe906e",
    "data": [
      {
        "text": "My name is ",
        "userDefined": false
      },
      {
        "text": "Vinny",
        "alias": "given-name",
        "meta": "@sys.given-name",
        "userDefined": true
      },
      {
        "text": " ",
        "userDefined": false
      },
      {
        "text": "Ahluwalia",
        "alias": "last-name",
        "meta": "@sys.last-name",
        "userDefined": true
      },
      {
        "text": ", I\u0027m ",
        "userDefined": false
      },
      {
        "text": "21",
        "alias": "age",
        "meta": "@sys.number-integer",
        "userDefined": true
      },
      {
        "text": " and a ",
        "userDefined": false
      },
      {
        "text": "student",
        "alias": "occupation",
        "meta": "@occupation",
        "userDefined": true
      }
    ],
    "isTemplate": false,
    "count": 0,
    "updated": 0
  },
  {
    "id": "719f859b-88d4-4746-86c4-2d0f41fdbde5",
    "data": [
      {
        "text": "56",
        "alias": "age",
        "meta": "@sys.number-integer",
        "userDefined": true
      },
      {
        "text": " ",
        "userDefined": false
      },
      {
        "text": "Trevor",
        "alias": "given-name",
        "meta": "@sys.given-name",
        "userDefined": true
      },
      {
        "text": " ",
        "userDefined": false
      },
      {
        "text": "Lawrence",
        "alias": "last-name",
        "meta": "@sys.last-name",
        "userDefined": true
      },
      {
        "text": " ",
        "userDefined": false
      },
      {
        "text": "athlete",
        "alias": "occupation",
        "meta": "@occupation",
        "userDefined": true
      }
    ],
    "isTemplate": false,
    "count": 0,
    "updated": 0
  },
  {
    "id": "b3720ed4-7ed5-4ccd-8444-c1eaa7046e2f",
    "data": [
      {
        "text": "John",
        "alias": "given-name",
        "meta": "@sys.given-name",
        "userDefined": true
      },
      {
        "text": " ",
        "userDefined": false
      },
      {
        "text": "Mulaney",
        "alias": "last-name",
        "meta": "@sys.last-name",
        "userDefined": true
      },
      {
        "text": ", ",
        "userDefined": false
      },
      {
        "text": "35",
        "alias": "age",
        "meta": "@sys.number-integer",
        "userDefined": true
      },
      {
        "text": " and a ",
        "userDefined": false
      },
      {
        "text": "comedian",
        "alias": "occupation",
        "meta": "@occupation",
        "userDefined": true
      }
    ],
    "isTemplate": false,
    "count": 0,
    "updated": 0
  },
  {
    "id": "fe299efc-e9bf-4865-8d99-e205851977ee",
    "data": [
      {
        "text": "My name is ",
        "userDefined": false
      },
      {
        "text": "Riley",
        "alias": "given-name",
        "meta": "@sys.given-name",
        "userDefined": true
      },
      {
        "text": " ",
        "userDefined": false
      },
      {
        "text": "Jenkins",
        "alias": "last-name",
        "meta": "@sys.last-name",
        "userDefined": true
      },
      {
        "text": " , I\u0027m ",
        "userDefined": false
      },
      {
        "text": "52",
        "alias": "age",
        "meta": "@sys.number-integer",
        "userDefined": true
      },
      {
        "text": " and I\u0027m ",
        "userDefined": false
      },
      {
        "text": "unemployed",
        "alias": "occupation",
        "meta": "@occupation",
        "userDefined": true
      }
    ],
    "isTemplate": false,
    "count": 1,
    "updated": 0
  },
  {
    "id": "353bc733-5d3c-4d7e-9cac-5ea009825bdd",
    "data": [
      {
        "text": "My name is ",
        "userDefined": false
      },
      {
        "text": "Jess",
        "alias": "given-name",
        "meta": "@sys.given-name",
        "userDefined": true
      },
      {
        "text": " ",
        "userDefined": false
      },
      {
        "text": "Wawel",
        "alias": "last-name",
        "meta": "@sys.last-name",
        "userDefined": true
      },
      {
        "text": ", I\u0027m ",
        "userDefined": false
      },
      {
        "text": "24",
        "alias": "age",
        "meta": "@sys.number-integer",
        "userDefined": true
      },
      {
        "text": " years old and I\u0027m a ",
        "userDefined": false
      },
      {
        "text": "teacher",
        "alias": "occupation",
        "meta": "@occupation",
        "userDefined": true
      }
    ],
    "isTemplate": false,
    "count": 0,
    "updated": 0
  },
  {
    "id": "8dc9c11f-6c20-4d9f-bead-46cc619bf893",
    "data": [
      {
        "text": "carpenter",
        "alias": "occupation",
        "meta": "@occupation",
        "userDefined": true
      }
    ],
    "isTemplate": false,
    "count": 0,
    "updated": 0
  },
  {
    "id": "1ebef79e-0006-45d1-a91e-f3ead9921f99",
    "data": [
      {
        "text": "twenty-one",
        "alias": "age",
        "meta": "@sys.number-integer",
        "userDefined": true
      }
    ],
    "isTemplate": false,
    "count": 0,
    "updated": 0
  },
  {
    "id": "248f3193-82a9-4db2-be78-d661c634c3e7",
    "data": [
      {
        "text": "Walters",
        "alias": "last-name",
        "meta": "@sys.last-name",
        "userDefined": true
      }
    ],
    "isTemplate": false,
    "count": 0,
    "updated": 0
  },
  {
    "id": "f25c3465-8393-4673-b4f4-2df90459ae8a",
    "data": [
      {
        "text": "Adams",
        "alias": "last-name",
        "meta": "@sys.last-name",
        "userDefined": true
      }
    ],
    "isTemplate": false,
    "count": 0,
    "updated": 0
  },
  {
    "id": "7ccd7601-94b4-4336-b299-bae1a463544f",
    "data": [
      {
        "text": "Cory",
        "alias": "given-name",
        "meta": "@sys.given-name",
        "userDefined": true
      }
    ],
    "isTemplate": false,
    "count": 0,
    "updated": 0
  },
  {
    "id": "232805e7-b0de-46b9-b5ec-59043322caed",
    "data": [
      {
        "text": "Ruchi",
        "alias": "given-name",
        "meta": "@sys.given-name",
        "userDefined": true
      }
    ],
    "isTemplate": false,
    "count": 0,
    "updated": 0
  },
  {
    "id": "e04fbccd-8b07-427a-a5e0-e55b0a6962de",
    "data": [
      {
        "text": "Anna",
        "alias": "given-name",
        "meta": "@sys.given-name",
        "userDefined": true
      }
    ],
    "isTemplate": false,
    "count": 0,
    "updated": 0
  },
  {
    "id": "c8381d61-8f27-457f-9d3a-718fb921d41f",
    "data": [
      {
        "text": "Rebecca",
        "alias": "given-name",
        "meta": "@sys.given-name",
        "userDefined": true
      }
    ],
    "isTemplate": false,
    "count": 0,
    "updated": 0
  },
  {
    "id": "a92aca88-7a3b-4e2f-aae2-d80bef1f9917",
    "data": [
      {
        "text": "Valentina",
        "alias": "given-name",
        "meta": "@sys.given-name",
        "userDefined": true
      }
    ],
    "isTemplate": false,
    "count": 0,
    "updated": 0
  },
  {
    "id": "45ae2533-8e44-4de7-8067-8772905040d6",
    "data": [
      {
        "text": "Sophia",
        "alias": "given-name",
        "meta": "@sys.given-name",
        "userDefined": true
      }
    ],
    "isTemplate": false,
    "count": 0,
    "updated": 0
  },
  {
    "id": "f6b10acb-92c7-4605-a8ec-ffff12f16aa7",
    "data": [
      {
        "text": "Gladys",
        "alias": "given-name",
        "meta": "@sys.given-name",
        "userDefined": true
      }
    ],
    "isTemplate": false,
    "count": 0,
    "updated": 0
  },
  {
    "id": "0726b705-8aa1-4928-a7f7-bc3e68595baa",
    "data": [
      {
        "text": "StevenB",
        "alias": "given-name",
        "meta": "@sys.given-name",
        "userDefined": true
      }
    ],
    "isTemplate": false,
    "count": 0,
    "updated": 0
  },
  {
    "id": "d7097f25-38da-4b1a-acfb-25c06e63ed11",
    "data": [
      {
        "text": "Brian",
        "alias": "given-name",
        "meta": "@sys.given-name",
        "userDefined": true
      },
      {
        "text": " ",
        "userDefined": false
      },
      {
        "text": "Yang",
        "alias": "last-name",
        "meta": "@sys.last-name",
        "userDefined": true
      }
    ],
    "isTemplate": false,
    "count": 0,
    "updated": 0
  },
  {
    "id": "5253eb77-fa34-4b2d-9eb4-3bd5dee711ae",
    "data": [
      {
        "text": "Oliver",
        "alias": "given-name",
        "meta": "@sys.given-name",
        "userDefined": true
      },
      {
        "text": " ",
        "userDefined": false
      },
      {
        "text": "Strong",
        "alias": "last-name",
        "meta": "@sys.last-name",
        "userDefined": true
      }
    ],
    "isTemplate": false,
    "count": 0,
    "updated": 0
  },
  {
    "id": "c07c9be0-5c3c-41a3-8484-108a1edc2bfd",
    "data": [
      {
        "text": "Nikhil",
        "alias": "given-name",
        "meta": "@sys.given-name",
        "userDefined": true
      },
      {
        "text": " ",
        "userDefined": false
      },
      {
        "text": "Devraj",
        "alias": "last-name",
        "meta": "@sys.last-name",
        "userDefined": true
      }
    ],
    "isTemplate": false,
    "count": 0,
    "updated": 0
  },
  {
    "id": "49452046-6ed0-4ede-9f5c-94d1a55a8543",
    "data": [
      {
        "text": "Sahil",
        "alias": "given-name",
        "meta": "@sys.given-name",
        "userDefined": true
      },
      {
        "text": " ",
        "userDefined": false
      },
      {
        "text": "Farishtra",
        "alias": "last-name",
        "meta": "@sys.last-name",
        "userDefined": true
      }
    ],
    "isTemplate": false,
    "count": 0,
    "updated": 0
  },
  {
    "id": "aa22ff6f-28a8-4244-aa53-95a6c7ab9100",
    "data": [
      {
        "text": "Jason",
        "alias": "given-name",
        "meta": "@sys.given-name",
        "userDefined": true
      },
      {
        "text": " ",
        "userDefined": false
      },
      {
        "text": "Mars",
        "alias": "last-name",
        "meta": "@sys.last-name",
        "userDefined": true
      }
    ],
    "isTemplate": false,
    "count": 0,
    "updated": 0
  },
  {
    "id": "d623b442-6f32-4b8e-8c7c-9884bccaefb4",
    "data": [
      {
        "text": "Kevin",
        "alias": "given-name",
        "meta": "@sys.given-name",
        "userDefined": true
      },
      {
        "text": " ",
        "userDefined": false
      },
      {
        "text": "Leach",
        "alias": "last-name",
        "meta": "@sys.last-name",
        "userDefined": true
      }
    ],
    "isTemplate": false,
    "count": 0,
    "updated": 0
  },
  {
    "id": "7c8cd7e6-fb3f-4b0c-a24a-b7a396cd90b9",
    "data": [
      {
        "text": "Vinny",
        "alias": "given-name",
        "meta": "@sys.given-name",
        "userDefined": true
      },
      {
        "text": " ",
        "userDefined": false
      },
      {
        "text": "Ahluwalia",
        "alias": "last-name",
        "meta": "@sys.last-name",
        "userDefined": true
      }
    ],
    "isTemplate": false,
    "count": 0,
    "updated": 0
  },
  {
    "id": "be2fbe11-f298-4b1b-961b-76626dd7055e",
    "data": [
      {
        "text": "Reed",
        "alias": "given-name",
        "meta": "@sys.given-name",
        "userDefined": true
      },
      {
        "text": " ",
        "userDefined": false
      },
      {
        "text": "Ylisov",
        "alias": "last-name",
        "meta": "@sys.last-name",
        "userDefined": true
      }
    ],
    "isTemplate": false,
    "count": 0,
    "updated": 0
  },
  {
    "id": "230e19e0-89a4-4ec3-ae0c-f0cb060a6e15",
    "data": [
      {
        "text": "Steve",
        "alias": "given-name",
        "meta": "@sys.given-name",
        "userDefined": true
      },
      {
        "text": " ",
        "userDefined": false
      },
      {
        "text": "Rogers",
        "alias": "last-name",
        "meta": "@sys.last-name",
        "userDefined": true
      }
    ],
    "isTemplate": false,
    "count": 0,
    "updated": 0
  },
  {
    "id": "427ffc37-29f5-4865-98cc-6bba8b5e3656",
    "data": [
      {
        "text": "Billy Bob",
        "alias": "given-name",
        "meta": "@sys.given-name",
        "userDefined": true
      },
      {
        "text": " ",
        "userDefined": false
      },
      {
        "text": "Thorton",
        "alias": "last-name",
        "meta": "@sys.last-name",
        "userDefined": true
      }
    ],
    "isTemplate": false,
    "count": 0,
    "updated": 0
  },
  {
    "id": "b6bda7f1-0931-4d9d-b9b0-3e7d863f9357",
    "data": [
      {
        "text": "Tim",
        "alias": "given-name",
        "meta": "@sys.given-name",
        "userDefined": true
      },
      {
        "text": " ",
        "userDefined": false
      },
      {
        "text": "Spurlin",
        "alias": "last-name",
        "meta": "@sys.last-name",
        "userDefined": true
      }
    ],
    "isTemplate": false,
    "count": 0,
    "updated": 0
  },
  {
    "id": "39b9ec58-1448-4c43-8c26-6309a84191fd",
    "data": [
      {
        "text": "Tracy",
        "alias": "given-name",
        "meta": "@sys.given-name",
        "userDefined": true
      },
      {
        "text": " ",
        "userDefined": false
      },
      {
        "text": "Walker",
        "alias": "last-name",
        "meta": "@sys.last-name",
        "userDefined": true
      }
    ],
    "isTemplate": false,
    "count": 0,
    "updated": 0
  },
  {
    "id": "0423c974-08ed-493a-ba2d-baab3ed961f9",
    "data": [
      {
        "text": "Samir",
        "alias": "given-name",
        "meta": "@sys.given-name",
        "userDefined": true
      },
      {
        "text": " ",
        "userDefined": false
      },
      {
        "text": "Khan",
        "alias": "last-name",
        "meta": "@sys.last-name",
        "userDefined": true
      }
    ],
    "isTemplate": false,
    "count": 0,
    "updated": 0
  },
  {
    "id": "9e2d23fb-ac8d-4450-a06f-ec40a01e9ebf",
    "data": [
      {
        "text": "My first name is ",
        "userDefined": false
      },
      {
        "text": "Tracy",
        "alias": "given-name",
        "meta": "@sys.given-name",
        "userDefined": true
      },
      {
        "text": " and my last name is ",
        "userDefined": false
      },
      {
        "text": "Morgan",
        "alias": "last-name",
        "meta": "@sys.last-name",
        "userDefined": true
      }
    ],
    "isTemplate": false,
    "count": 0,
    "updated": 0
  },
  {
    "id": "54eaa50f-9fe3-4dc4-8f38-9e34151c3df1",
    "data": [
      {
        "text": "My full name is ",
        "userDefined": false
      },
      {
        "text": "Lisa",
        "alias": "given-name",
        "meta": "@sys.given-name",
        "userDefined": true
      },
      {
        "text": " ",
        "userDefined": false
      },
      {
        "text": "Kudrow",
        "alias": "last-name",
        "meta": "@sys.last-name",
        "userDefined": true
      }
    ],
    "isTemplate": false,
    "count": 0,
    "updated": 0
  },
  {
    "id": "44005eae-b883-4093-b7e6-7084c0f0e855",
    "data": [
      {
        "text": "My given name is ",
        "userDefined": false
      },
      {
        "text": "Monica",
        "alias": "given-name",
        "meta": "@sys.given-name",
        "userDefined": true
      },
      {
        "text": " ",
        "userDefined": false
      },
      {
        "text": "Geller",
        "alias": "last-name",
        "meta": "@sys.last-name",
        "userDefined": true
      }
    ],
    "isTemplate": false,
    "count": 0,
    "updated": 0
  },
  {
    "id": "8f20d3ec-c7c7-4225-9df3-2dc588f3a7b6",
    "data": [
      {
        "text": "They call me ",
        "userDefined": false
      },
      {
        "text": "Jennifer",
        "alias": "given-name",
        "meta": "@sys.given-name",
        "userDefined": true
      },
      {
        "text": " ",
        "userDefined": false
      },
      {
        "text": "Aniston",
        "alias": "last-name",
        "meta": "@sys.last-name",
        "userDefined": true
      }
    ],
    "isTemplate": false,
    "count": 0,
    "updated": 0
  },
  {
    "id": "2263d146-850e-46ae-b867-0302bdd9d4e3",
    "data": [
      {
        "text": "My name is ",
        "userDefined": false
      },
      {
        "text": "Susan",
        "alias": "given-name",
        "meta": "@sys.given-name",
        "userDefined": true
      },
      {
        "text": " ",
        "userDefined": false
      },
      {
        "text": "Bunch",
        "alias": "last-name",
        "meta": "@sys.last-name",
        "userDefined": true
      }
    ],
    "isTemplate": false,
    "count": 0,
    "updated": 0
  },
  {
    "id": "a2bab1c7-70dc-476e-b463-eb0ec6564030",
    "data": [
      {
        "text": "I\u0027m ",
        "userDefined": false
      },
      {
        "text": "Johnny",
        "alias": "given-name",
        "meta": "@sys.given-name",
        "userDefined": true
      },
      {
        "text": " ",
        "userDefined": false
      },
      {
        "text": "Deweson",
        "alias": "last-name",
        "meta": "@sys.last-name",
        "userDefined": true
      },
      {
        "text": " and I have four kids",
        "userDefined": false
      }
    ],
    "isTemplate": false,
    "count": 0,
    "updated": 0
  },
  {
    "id": "e4aa088a-94bc-4296-9f9e-c9c370ab20e0",
    "data": [
      {
        "text": "people call me ",
        "userDefined": false
      },
      {
        "text": "harry",
        "alias": "given-name",
        "meta": "@sys.given-name",
        "userDefined": true
      },
      {
        "text": " ",
        "userDefined": false
      },
      {
        "text": "wang",
        "alias": "last-name",
        "meta": "@sys.last-name",
        "userDefined": true
      }
    ],
    "isTemplate": false,
    "count": 0,
    "updated": 0
  },
  {
    "id": "32ec8e6f-60d1-4945-91c3-a1b93b35e82e",
    "data": [
      {
        "text": "the name is ",
        "userDefined": false
      },
      {
        "text": "james",
        "alias": "given-name",
        "meta": "@sys.given-name",
        "userDefined": true
      },
      {
        "text": " ",
        "userDefined": false
      },
      {
        "text": "bond",
        "alias": "last-name",
        "meta": "@sys.last-name",
        "userDefined": true
      }
    ],
    "isTemplate": false,
    "count": 0,
    "updated": 0
  },
  {
    "id": "d3c5b2fa-35ec-4022-afdc-44d51d4b8f92",
    "data": [
      {
        "text": "my name is ",
        "userDefined": false
      },
      {
        "text": "Vinny",
        "alias": "given-name",
        "meta": "@sys.given-name",
        "userDefined": true
      },
      {
        "text": " ",
        "userDefined": false
      },
      {
        "text": "Ahluwalia",
        "alias": "last-name",
        "meta": "@sys.last-name",
        "userDefined": true
      }
    ],
    "isTemplate": false,
    "count": 0,
    "updated": 0
  },
  {
    "id": "f990f3ad-65fe-42eb-a1f1-d3627508c0f7",
    "data": [
      {
        "text": "it\u0027s ",
        "userDefined": false
      },
      {
        "text": "pierre",
        "alias": "given-name",
        "meta": "@sys.given-name",
        "userDefined": true
      },
      {
        "text": " ",
        "userDefined": false
      },
      {
        "text": "calhoun",
        "alias": "last-name",
        "meta": "@sys.last-name",
        "userDefined": true
      }
    ],
    "isTemplate": false,
    "count": 0,
    "updated": 0
  },
  {
    "id": "425faf27-f45d-434d-ae08-036211bdfc00",
    "data": [
      {
        "text": "it\u0027s ",
        "userDefined": false
      },
      {
        "text": "Samantha",
        "alias": "given-name",
        "meta": "@sys.given-name",
        "userDefined": true
      },
      {
        "text": " ",
        "userDefined": false
      },
      {
        "text": "Pearson",
        "alias": "last-name",
        "meta": "@sys.last-name",
        "userDefined": true
      }
    ],
    "isTemplate": false,
    "count": 0,
    "updated": 0
  },
  {
    "id": "8374309b-f642-4799-b317-382f808246d4",
    "data": [
      {
        "text": "my name is ",
        "userDefined": false
      },
      {
        "text": "solomon",
        "alias": "given-name",
        "meta": "@sys.given-name",
        "userDefined": true
      },
      {
        "text": " ",
        "userDefined": false
      },
      {
        "text": "oneil",
        "alias": "last-name",
        "meta": "@sys.last-name",
        "userDefined": true
      }
    ],
    "isTemplate": false,
    "count": 0,
    "updated": 0
  },
  {
    "id": "af3b7ba1-9079-47c0-bbd4-e658ef99f7da",
    "data": [
      {
        "text": "I\u0027m ",
        "userDefined": false
      },
      {
        "text": "Francois",
        "alias": "given-name",
        "meta": "@sys.given-name",
        "userDefined": true
      },
      {
        "text": " ",
        "userDefined": false
      },
      {
        "text": "Riviere",
        "alias": "last-name",
        "meta": "@sys.last-name",
        "userDefined": true
      },
      {
        "text": ", a ",
        "userDefined": false
      },
      {
        "text": "30",
        "alias": "age",
        "meta": "@sys.number-integer",
        "userDefined": true
      },
      {
        "text": " year old ",
        "userDefined": false
      },
      {
        "text": "professor",
        "alias": "occupation",
        "meta": "@occupation",
        "userDefined": true
      }
    ],
    "isTemplate": false,
    "count": 0,
    "updated": 0
  },
  {
    "id": "32d0a9c9-97eb-40a9-b845-5498f9549a82",
    "data": [
      {
        "text": "I\u0027m ",
        "userDefined": false
      },
      {
        "text": "Cory",
        "alias": "given-name",
        "meta": "@sys.given-name",
        "userDefined": true
      },
      {
        "text": " ",
        "userDefined": false
      },
      {
        "text": "Anders",
        "alias": "last-name",
        "meta": "@sys.last-name",
        "userDefined": true
      },
      {
        "text": ", a ",
        "userDefined": false
      },
      {
        "text": "27",
        "alias": "age",
        "meta": "@sys.number-integer",
        "userDefined": true
      },
      {
        "text": " year old ",
        "userDefined": false
      },
      {
        "text": "data scientist",
        "alias": "occupation",
        "meta": "@occupation",
        "userDefined": true
      }
    ],
    "isTemplate": false,
    "count": 0,
    "updated": 0
  },
  {
    "id": "d5fa9b9b-ceea-44f1-925c-23498a0a7465",
    "data": [
      {
        "text": "I\u0027m ",
        "userDefined": false
      },
      {
        "text": "Roger",
        "alias": "given-name",
        "meta": "@sys.given-name",
        "userDefined": true
      },
      {
        "text": " ",
        "userDefined": false
      },
      {
        "text": "Federer",
        "alias": "last-name",
        "meta": "@sys.last-name",
        "userDefined": true
      },
      {
        "text": ", a ",
        "userDefined": false
      },
      {
        "text": "tennis player",
        "alias": "occupation",
        "meta": "@occupation",
        "userDefined": true
      }
    ],
    "isTemplate": false,
    "count": 0,
    "updated": 0
  },
  {
    "id": "cef4b071-f760-40ee-8c67-f968cc90835e",
    "data": [
      {
        "text": "I\u0027m ",
        "userDefined": false
      },
      {
        "text": "John",
        "alias": "given-name",
        "meta": "@sys.given-name",
        "userDefined": true
      },
      {
        "text": " ",
        "userDefined": false
      },
      {
        "text": "Smith",
        "alias": "last-name",
        "meta": "@sys.last-name",
        "userDefined": true
      },
      {
        "text": ", and I\u0027m a ",
        "userDefined": false
      },
      {
        "text": "physicist",
        "alias": "occupation",
        "meta": "@occupation",
        "userDefined": true
      }
    ],
    "isTemplate": false,
    "count": 0,
    "updated": 0
  },
  {
    "id": "a3b0a1f0-af70-4248-b2b3-67585c9a6764",
    "data": [
      {
        "text": "Call me ",
        "userDefined": false
      },
      {
        "text": "Harry",
        "alias": "given-name",
        "meta": "@sys.given-name",
        "userDefined": true
      }
    ],
    "isTemplate": false,
    "count": 0,
    "updated": 0
  },
  {
    "id": "c45f21c1-a2ff-4a5a-8f0f-f21db9a2351b",
    "data": [
      {
        "text": "I am ",
        "userDefined": false
      },
      {
        "text": "andrei",
        "alias": "given-name",
        "meta": "@sys.given-name",
        "userDefined": true
      },
      {
        "text": " ",
        "userDefined": false
      },
      {
        "text": "cobb",
        "alias": "last-name",
        "meta": "@sys.last-name",
        "userDefined": true
      }
    ],
    "isTemplate": false,
    "count": 0,
    "updated": 0
  },
  {
    "id": "1e0a1944-bfd9-4630-8508-81dcc8c12d25",
    "data": [
      {
        "text": "my wife is ",
        "userDefined": false
      },
      {
        "text": "maisy",
        "alias": "given-name",
        "meta": "@sys.given-name",
        "userDefined": true
      },
      {
        "text": " ",
        "userDefined": false
      },
      {
        "text": "whitley",
        "alias": "last-name",
        "meta": "@sys.last-name",
        "userDefined": true
      }
    ],
    "isTemplate": false,
    "count": 0,
    "updated": 0
  },
  {
    "id": "50aba5a2-1ec7-401a-8ecf-a56f0103c61e",
    "data": [
      {
        "text": "his name is ",
        "userDefined": false
      },
      {
        "text": "georgie",
        "alias": "given-name",
        "meta": "@sys.given-name",
        "userDefined": true
      },
      {
        "text": " ",
        "userDefined": false
      },
      {
        "text": "vincent",
        "alias": "last-name",
        "meta": "@sys.last-name",
        "userDefined": true
      }
    ],
    "isTemplate": false,
    "count": 0,
    "updated": 0
  },
  {
    "id": "662b887c-da96-4ff6-b9ac-609440aa3dce",
    "data": [
      {
        "text": "her ",
        "userDefined": false
      },
      {
        "text": "name",
        "meta": "@sys.ignore",
        "userDefined": false
      },
      {
        "text": " is ",
        "userDefined": false
      },
      {
        "text": "wasim",
        "alias": "given-name",
        "meta": "@sys.given-name",
        "userDefined": true
      },
      {
        "text": " ",
        "userDefined": false
      },
      {
        "text": "timms",
        "alias": "last-name",
        "meta": "@sys.last-name",
        "userDefined": true
      }
    ],
    "isTemplate": false,
    "count": 0,
    "updated": 0
  },
  {
    "id": "bb0d2567-c82b-440c-a99a-e8eefbec74f8",
    "data": [
      {
        "text": "I\u0027m ",
        "userDefined": false
      },
      {
        "text": "Paige",
        "alias": "given-name",
        "meta": "@sys.given-name",
        "userDefined": true
      },
      {
        "text": " ",
        "userDefined": false
      },
      {
        "text": "Hanna",
        "alias": "last-name",
        "meta": "@sys.last-name",
        "userDefined": true
      }
    ],
    "isTemplate": false,
    "count": 0,
    "updated": 0
  },
  {
    "id": "dfe8483e-0b69-4f7d-b3e6-d5dc3b6f4046",
    "data": [
      {
        "text": "Riley",
        "alias": "given-name",
        "meta": "@sys.given-name",
        "userDefined": true
      },
      {
        "text": " ",
        "userDefined": false
      },
      {
        "text": "Polk",
        "alias": "last-name",
        "meta": "@sys.last-name",
        "userDefined": true
      }
    ],
    "isTemplate": false,
    "count": 0,
    "updated": 0
  },
  {
    "id": "12039e1a-8691-417e-8e51-a82bd6bbee0a",
    "data": [
      {
        "text": "Kevin",
        "alias": "given-name",
        "meta": "@sys.given-name",
        "userDefined": true
      },
      {
        "text": " ",
        "userDefined": false
      },
      {
        "text": "Adams",
        "alias": "last-name",
        "meta": "@sys.last-name",
        "userDefined": true
      }
    ],
    "isTemplate": false,
    "count": 0,
    "updated": 0
  },
  {
    "id": "edb123e1-f0ff-4137-a7f2-b99f1aae811e",
    "data": [
      {
        "text": "Rachel",
        "alias": "given-name",
        "meta": "@sys.given-name",
        "userDefined": true
      },
      {
        "text": " ",
        "userDefined": false
      },
      {
        "text": "Platten",
        "alias": "last-name",
        "meta": "@sys.last-name",
        "userDefined": true
      }
    ],
    "isTemplate": false,
    "count": 0,
    "updated": 0
  },
  {
    "id": "382c8379-b3c0-4365-9ab6-2c320c870b02",
    "data": [
      {
        "text": "Olivia",
        "alias": "given-name",
        "meta": "@sys.given-name",
        "userDefined": true
      },
      {
        "text": " ",
        "userDefined": false
      },
      {
        "text": "Hill",
        "alias": "last-name",
        "meta": "@sys.last-name",
        "userDefined": true
      }
    ],
    "isTemplate": false,
    "count": 0,
    "updated": 0
  },
  {
    "id": "98e8f393-761a-4c4e-86a6-5a0a88925c18",
    "data": [
      {
        "text": "Andrew",
        "alias": "given-name",
        "meta": "@sys.given-name",
        "userDefined": true
      },
      {
        "text": " ",
        "userDefined": false
      },
      {
        "text": "Brown",
        "alias": "last-name",
        "meta": "@sys.last-name",
        "userDefined": true
      }
    ],
    "isTemplate": false,
    "count": 0,
    "updated": 0
  },
  {
    "id": "32a96b1a-8e76-475c-8313-1f98ca1b9f33",
    "data": [
      {
        "text": "John",
        "alias": "given-name",
        "meta": "@sys.given-name",
        "userDefined": true
      },
      {
        "text": " ",
        "userDefined": false
      },
      {
        "text": "Porter",
        "alias": "last-name",
        "meta": "@sys.last-name",
        "userDefined": true
      }
    ],
    "isTemplate": false,
    "count": 0,
    "updated": 0
  },
  {
    "id": "a3126037-567c-42e9-bb75-fbf66118a7cb",
    "data": [
      {
        "text": "Leon",
        "alias": "given-name",
        "meta": "@sys.given-name",
        "userDefined": true
      },
      {
        "text": " ",
        "userDefined": false
      },
      {
        "text": "Constantino",
        "alias": "last-name",
        "meta": "@sys.last-name",
        "userDefined": true
      }
    ],
    "isTemplate": false,
    "count": 0,
    "updated": 0
  },
  {
    "id": "7193edce-7233-44c6-9c83-4f0266cab381",
    "data": [
      {
        "text": "Mike",
        "alias": "given-name",
        "meta": "@sys.given-name",
        "userDefined": true
      },
      {
        "text": " ",
        "userDefined": false
      },
      {
        "text": "Allen",
        "alias": "last-name",
        "meta": "@sys.last-name",
        "userDefined": true
      }
    ],
    "isTemplate": false,
    "count": 0,
    "updated": 0
  },
  {
    "id": "0b796dc2-f17e-4acf-b1fe-c338197a2ca4",
    "data": [
      {
        "text": "Ellen",
        "alias": "given-name",
        "meta": "@sys.given-name",
        "userDefined": true
      },
      {
        "text": " ",
        "userDefined": false
      },
      {
        "text": "Paige",
        "alias": "last-name",
        "meta": "@sys.last-name",
        "userDefined": true
      }
    ],
    "isTemplate": false,
    "count": 0,
    "updated": 0
  },
  {
    "id": "9c7dcbc0-7ff7-4a40-bfc5-97ddd7162f05",
    "data": [
      {
        "text": "Will",
        "alias": "given-name",
        "meta": "@sys.given-name",
        "userDefined": true
      },
      {
        "text": " ",
        "userDefined": false
      },
      {
        "text": "Smith",
        "alias": "last-name",
        "meta": "@sys.last-name",
        "userDefined": true
      }
    ],
    "isTemplate": false,
    "count": 0,
    "updated": 0
  },
  {
    "id": "73c2b46e-8210-4736-9cc6-bb42612e9a7f",
    "data": [
      {
        "text": "Nolan",
        "alias": "given-name",
        "meta": "@sys.given-name",
        "userDefined": true
      },
      {
        "text": " ",
        "userDefined": false
      },
      {
        "text": "Chopra",
        "alias": "last-name",
        "meta": "@sys.last-name",
        "userDefined": true
      }
    ],
    "isTemplate": false,
    "count": 0,
    "updated": 0
  },
  {
    "id": "c70912ce-8b72-44f4-89e2-1f152c2d9084",
    "data": [
      {
        "text": "Eulyeon",
        "alias": "given-name",
        "meta": "@sys.given-name",
        "userDefined": true
      },
      {
        "text": " ",
        "userDefined": false
      },
      {
        "text": "Ko",
        "alias": "last-name",
        "meta": "@sys.last-name",
        "userDefined": true
      }
    ],
    "isTemplate": false,
    "count": 0,
    "updated": 0
  },
  {
    "id": "36ec29b2-c5f6-4ac6-8598-5add56f50ef6",
    "data": [
      {
        "text": "Grant",
        "alias": "given-name",
        "meta": "@sys.given-name",
        "userDefined": true
      },
      {
        "text": " ",
        "userDefined": false
      },
      {
        "text": "Summers",
        "alias": "last-name",
        "meta": "@sys.last-name",
        "userDefined": true
      }
    ],
    "isTemplate": false,
    "count": 0,
    "updated": 0
  },
  {
    "id": "2df60605-c7a1-4ba7-86e5-643a65e5b5bc",
    "data": [
      {
        "text": "Ilya",
        "alias": "given-name",
        "meta": "@sys.given-name",
        "userDefined": true
      },
      {
        "text": " ",
        "userDefined": false
      },
      {
        "text": "Volkovich",
        "alias": "last-name",
        "meta": "@sys.last-name",
        "userDefined": true
      }
    ],
    "isTemplate": false,
    "count": 0,
    "updated": 0
  },
  {
    "id": "e69f2a39-693e-4742-bf14-3fdaf382d3a2",
    "data": [
      {
        "text": "Luke",
        "alias": "given-name",
        "meta": "@sys.given-name",
        "userDefined": true
      },
      {
        "text": " ",
        "userDefined": false
      },
      {
        "text": "Skywalker",
        "alias": "last-name",
        "meta": "@sys.last-name",
        "userDefined": true
      }
    ],
    "isTemplate": false,
    "count": 0,
    "updated": 0
  },
  {
    "id": "062fa7a0-4295-4b7c-b85f-36d8d5e452bf",
    "data": [
      {
        "text": "Sam",
        "alias": "given-name",
        "meta": "@sys.given-name",
        "userDefined": true
      },
      {
        "text": " ",
        "userDefined": false
      },
      {
        "text": "Anderson",
        "alias": "last-name",
        "meta": "@sys.last-name",
        "userDefined": true
      }
    ],
    "isTemplate": false,
    "count": 0,
    "updated": 0
  },
  {
    "id": "844a8c48-e37e-487f-ba9f-0c8d4c5ba2ba",
    "data": [
      {
        "text": "my name is ",
        "userDefined": false
      },
      {
        "text": "charles",
        "alias": "given-name",
        "meta": "@sys.given-name",
        "userDefined": true
      },
      {
        "text": " ",
        "userDefined": false
      },
      {
        "text": "brown",
        "alias": "last-name",
        "meta": "@sys.last-name",
        "userDefined": true
      }
    ],
    "isTemplate": false,
    "count": 0,
    "updated": 0
  },
  {
    "id": "11700925-98bd-49e4-bdb1-7a6f3ca7a363",
    "data": [
      {
        "text": "melinda",
        "alias": "given-name",
        "meta": "@sys.given-name",
        "userDefined": true
      },
      {
        "text": " ",
        "userDefined": false
      },
      {
        "text": "gates",
        "alias": "last-name",
        "meta": "@sys.last-name",
        "userDefined": true
      }
    ],
    "isTemplate": false,
    "count": 0,
    "updated": 0
  },
  {
    "id": "16220db1-c3ba-4893-ab80-da352ac2eee4",
    "data": [
      {
        "text": "antoni",
        "alias": "given-name",
        "meta": "@sys.given-name",
        "userDefined": true
      },
      {
        "text": " ",
        "userDefined": false
      },
      {
        "text": "key",
        "alias": "last-name",
        "meta": "@sys.last-name",
        "userDefined": true
      }
    ],
    "isTemplate": false,
    "count": 0,
    "updated": 0
  },
  {
    "id": "010233ae-3ef0-48e4-9fb5-09e34bda7f4f",
    "data": [
      {
        "text": "I\u0027m ",
        "userDefined": false
      },
      {
        "text": "abraham",
        "alias": "given-name",
        "meta": "@sys.given-name",
        "userDefined": true
      },
      {
        "text": " ",
        "userDefined": false
      },
      {
        "text": "stone",
        "alias": "last-name",
        "meta": "@sys.last-name",
        "userDefined": true
      }
    ],
    "isTemplate": false,
    "count": 0,
    "updated": 0
  },
  {
    "id": "5e0b8e4f-10da-4747-9b36-dc08db5e3014",
    "data": [
      {
        "text": "Justin",
        "alias": "given-name",
        "meta": "@sys.given-name",
        "userDefined": true
      },
      {
        "text": " ",
        "userDefined": false
      },
      {
        "text": "Cartier",
        "alias": "last-name",
        "meta": "@sys.last-name",
        "userDefined": true
      }
    ],
    "isTemplate": false,
    "count": 0,
    "updated": 0
  },
  {
    "id": "a5f2bfdc-c6d5-4ba3-a570-47450e798cd1",
    "data": [
      {
        "text": "Pierre",
        "alias": "given-name",
        "meta": "@sys.given-name",
        "userDefined": true
      },
      {
        "text": " ",
        "userDefined": false
      },
      {
        "text": "Blanchet",
        "alias": "last-name",
        "meta": "@sys.last-name",
        "userDefined": true
      }
    ],
    "isTemplate": false,
    "count": 0,
    "updated": 0
  },
  {
    "id": "f7ebf988-7db5-4b47-adae-2f79fff822b9",
    "data": [
      {
        "text": "Fillmore",
        "alias": "given-name",
        "meta": "@sys.given-name",
        "userDefined": true
      },
      {
        "text": " ",
        "userDefined": false
      },
      {
        "text": "Hayes",
        "alias": "last-name",
        "meta": "@sys.last-name",
        "userDefined": true
      }
    ],
    "isTemplate": false,
    "count": 0,
    "updated": 0
  },
  {
    "id": "ae3089e2-3ab2-4035-a366-ba8b3b4112bb",
    "data": [
      {
        "text": "Tyler",
        "alias": "given-name",
        "meta": "@sys.given-name",
        "userDefined": true
      },
      {
        "text": " ",
        "userDefined": false
      },
      {
        "text": "Harrison",
        "alias": "last-name",
        "meta": "@sys.last-name",
        "userDefined": true
      }
    ],
    "isTemplate": false,
    "count": 0,
    "updated": 0
  },
  {
    "id": "a491db20-5f48-46c7-a985-5bd8a3edcc95",
    "data": [
      {
        "text": "Bernard",
        "alias": "given-name",
        "meta": "@sys.given-name",
        "userDefined": true
      },
      {
        "text": " ",
        "userDefined": false
      },
      {
        "text": "Sanders",
        "alias": "last-name",
        "meta": "@sys.last-name",
        "userDefined": true
      }
    ],
    "isTemplate": false,
    "count": 0,
    "updated": 0
  },
  {
    "id": "3513dfbd-bb5e-4d9e-aac3-93f0d4abef52",
    "data": [
      {
        "text": "I\u0027m ",
        "userDefined": false
      },
      {
        "text": "Michael",
        "alias": "given-name",
        "meta": "@sys.given-name",
        "userDefined": true
      },
      {
        "text": " ",
        "userDefined": false
      },
      {
        "text": "Bloomberg",
        "alias": "last-name",
        "meta": "@sys.last-name",
        "userDefined": true
      },
      {
        "text": ", a ",
        "userDefined": false
      },
      {
        "text": "60",
        "alias": "age",
        "meta": "@sys.number-integer",
        "userDefined": true
      },
      {
        "text": " year old ",
        "userDefined": false
      },
      {
        "text": "mayor",
        "alias": "occupation",
        "meta": "@occupation",
        "userDefined": true
      }
    ],
    "isTemplate": false,
    "count": 0,
    "updated": 0
  },
  {
    "id": "feafd19a-af01-470b-b499-49be63ce537f",
    "data": [
      {
        "text": "Rishabh",
        "alias": "given-name",
        "meta": "@sys.given-name",
        "userDefined": true
      },
      {
        "text": " ",
        "userDefined": false
      },
      {
        "text": "Nayak",
        "alias": "last-name",
        "meta": "@sys.last-name",
        "userDefined": true
      }
    ],
    "isTemplate": false,
    "count": 0,
    "updated": 0
  },
  {
    "id": "b2f339f3-3e65-4f9e-a24c-f644de248fce",
    "data": [
      {
        "text": "my name is ",
        "userDefined": false
      },
      {
        "text": "gloria",
        "alias": "given-name",
        "meta": "@sys.given-name",
        "userDefined": true
      },
      {
        "text": " ",
        "userDefined": false
      },
      {
        "text": "kang",
        "alias": "last-name",
        "meta": "@sys.last-name",
        "userDefined": true
      }
    ],
    "isTemplate": false,
    "count": 0,
    "updated": 0
  }
]