[
  {
    "id": "11c874d4-8ba8-4255-b1fb-65550b93d10b",
    "data": [
      {
        "text": "yes",
        "alias": "dual_status_alien",
        "meta": "@bool",
        "userDefined": true
      }
    ],
    "isTemplate": false,
    "count": 0,
    "updated": 0
  },
  {
    "id": "f37addac-702c-4e8a-97b5-925c58f17c61",
    "data": [
      {
        "text": "yeah",
        "alias": "dual_status_alien",
        "meta": "@bool",
        "userDefined": true
      }
    ],
    "isTemplate": false,
    "count": 0,
    "updated": 0
  },
  {
    "id": "ad8b420e-ea1f-436a-98a7-04452e0f60b1",
    "data": [
      {
        "text": "nope",
        "alias": "dual_status_alien",
        "meta": "@bool",
        "userDefined": true
      }
    ],
    "isTemplate": false,
    "count": 0,
    "updated": 0
  },
  {
    "id": "e64d8b22-793b-4280-99e6-0511e0e47fd9",
    "data": [
      {
        "text": "nah",
        "alias": "dual_status_alien",
        "meta": "@bool",
        "userDefined": true
      }
    ],
    "isTemplate": false,
    "count": 0,
    "updated": 0
  },
  {
    "id": "1f8166b0-cffc-402d-a8c0-deb8f59c7de4",
    "data": [
      {
        "text": "I am not",
        "alias": "dual_status_alien",
        "meta": "@bool",
        "userDefined": true
      }
    ],
    "isTemplate": false,
    "count": 0,
    "updated": 0
  },
  {
    "id": "a9b70bad-ac21-4ab6-b505-223541f04213",
    "data": [
      {
        "text": "I\u0027m not",
        "alias": "dual_status_alien",
        "meta": "@bool",
        "userDefined": true
      },
      {
        "text": " a dual status alien",
        "userDefined": false
      }
    ],
    "isTemplate": false,
    "count": 0,
    "updated": 0
  },
  {
    "id": "a2528cd4-2162-4b06-a0ed-0f115b1ebe4c",
    "data": [
      {
        "text": "I\u0027m not",
        "alias": "dual_status_alien",
        "meta": "@bool",
        "userDefined": true
      }
    ],
    "isTemplate": false,
    "count": 0,
    "updated": 0
  },
  {
    "id": "d39b3ce9-c02a-4738-a7b3-24dd7bcf4d61",
    "data": [
      {
        "text": "no",
        "alias": "dual_status_alien",
        "meta": "@bool",
        "userDefined": true
      }
    ],
    "isTemplate": false,
    "count": 0,
    "updated": 0
  }
]