[
  {
    "id": "317f1728-22bb-4343-80e0-dd94cd3fe1e3",
    "data": [
      {
        "text": "her social security number is ",
        "userDefined": false
      },
      {
        "text": "123987456",
        "alias": "spouse-ssn",
        "meta": "@ssn",
        "userDefined": false
      }
    ],
    "isTemplate": false,
    "count": 0,
    "updated": 0
  },
  {
    "id": "754c068b-ce4a-4e8a-8f4b-3d050029e491",
    "data": [
      {
        "text": "my wife\u0027s social security number is ",
        "userDefined": false
      },
      {
        "text": "28503678",
        "alias": "spouse-ssn",
        "meta": "@ssn",
        "userDefined": false
      }
    ],
    "isTemplate": false,
    "count": 0,
    "updated": 0
  },
  {
    "id": "1a53579e-c884-45ab-9095-fa8ceb8226c2",
    "data": [
      {
        "text": "575-39-2939",
        "alias": "spouse-ssn",
        "meta": "@ssn",
        "userDefined": true
      }
    ],
    "isTemplate": false,
    "count": 0,
    "updated": 0
  },
  {
    "id": "bbf7da8c-2c78-4f8c-b379-f36f86066488",
    "data": [
      {
        "text": "His SSN is ",
        "userDefined": false
      },
      {
        "text": "1024929304",
        "alias": "spouse-ssn",
        "meta": "@ssn",
        "userDefined": true
      }
    ],
    "isTemplate": false,
    "count": 0,
    "updated": 0
  },
  {
    "id": "3313da8a-dc2a-4b85-ab72-4ff03f766c73",
    "data": [
      {
        "text": "105391769",
        "alias": "spouse-ssn",
        "meta": "@ssn",
        "userDefined": true
      }
    ],
    "isTemplate": false,
    "count": 0,
    "updated": 0
  },
  {
    "id": "04a36436-c457-4c3d-9e2c-c49eb7cbce40",
    "data": [
      {
        "text": "293492930",
        "alias": "spouse-ssn",
        "meta": "@ssn",
        "userDefined": true
      }
    ],
    "isTemplate": false,
    "count": 0,
    "updated": 0
  },
  {
    "id": "5a490ce6-266b-4709-8e20-d88be7811661",
    "data": [
      {
        "text": "Her SSN is ",
        "userDefined": false
      },
      {
        "text": "334-98-2939",
        "alias": "spouse-ssn",
        "meta": "@ssn",
        "userDefined": true
      }
    ],
    "isTemplate": false,
    "count": 0,
    "updated": 0
  }
]