[
  {
    "id": "5ac5d108-026c-4d1c-a964-990939c9a589",
    "data": [
      {
        "text": "Nope",
        "alias": "claim-you-dependent",
        "meta": "@bool",
        "userDefined": false
      }
    ],
    "isTemplate": false,
    "count": 0,
    "updated": 0
  },
  {
    "id": "d85397f3-89c9-4a7f-aefc-d5118e7430d6",
    "data": [
      {
        "text": "no",
        "alias": "claim-you-dependent",
        "meta": "@bool",
        "userDefined": false
      },
      {
        "text": " way!",
        "userDefined": false
      }
    ],
    "isTemplate": false,
    "count": 0,
    "updated": 0
  },
  {
    "id": "723852e6-580d-4f63-9520-1850de527a90",
    "data": [
      {
        "text": "yup",
        "alias": "claim-you-dependent",
        "meta": "@bool",
        "userDefined": false
      }
    ],
    "isTemplate": false,
    "count": 0,
    "updated": 0
  },
  {
    "id": "67d9f3ff-fbde-4336-84fc-5c6475388bb6",
    "data": [
      {
        "text": "no",
        "alias": "claim-you-dependent",
        "meta": "@bool",
        "userDefined": false
      }
    ],
    "isTemplate": false,
    "count": 0,
    "updated": 0
  },
  {
    "id": "d15ec3ed-10be-4742-8cd3-3ec7b55a3378",
    "data": [
      {
        "text": "yeah",
        "alias": "claim-you-dependent",
        "meta": "@bool",
        "userDefined": false
      }
    ],
    "isTemplate": false,
    "count": 0,
    "updated": 0
  },
  {
    "id": "680fbf03-31c7-47d4-9cb5-feb395b8ca9b",
    "data": [
      {
        "text": "yes",
        "alias": "claim-you-dependent",
        "meta": "@bool",
        "userDefined": false
      }
    ],
    "isTemplate": false,
    "count": 0,
    "updated": 0
  }
]