[
  {
    "id": "486c0e15-6528-403f-8a5b-2ef20e758b32",
    "data": [
      {
        "text": "234432234",
        "alias": "social_security",
        "meta": "@sys.number-sequence",
        "userDefined": false
      }
    ],
    "isTemplate": false,
    "count": 0,
    "updated": 0
  },
  {
    "id": "514f6263-8bc8-420b-83e8-8afb9beed6e8",
    "data": [
      {
        "text": "it\u0027s ",
        "userDefined": false
      },
      {
        "text": "502948125",
        "alias": "social_security",
        "meta": "@sys.number-sequence",
        "userDefined": false
      }
    ],
    "isTemplate": false,
    "count": 0,
    "updated": 0
  },
  {
    "id": "e02a7b71-76c1-4588-b6e6-d212485c682a",
    "data": [
      {
        "text": "my social security number is ",
        "userDefined": false
      },
      {
        "text": "14683900",
        "alias": "social_security",
        "meta": "@sys.number-sequence",
        "userDefined": false
      }
    ],
    "isTemplate": false,
    "count": 0,
    "updated": 0
  },
  {
    "id": "79012920-e362-4b1b-b24e-b460fabc641a",
    "data": [
      {
        "text": "147 90 7654",
        "alias": "social_security",
        "meta": "@sys.number-sequence",
        "userDefined": false
      }
    ],
    "isTemplate": false,
    "count": 0,
    "updated": 0
  },
  {
    "id": "46d50b35-5dbf-452f-ad0a-52c5223dba3f",
    "data": [
      {
        "text": "135 79 2468",
        "alias": "social_security",
        "meta": "@sys.number-sequence",
        "userDefined": false
      }
    ],
    "isTemplate": false,
    "count": 0,
    "updated": 0
  },
  {
    "id": "b83dbbf2-61c4-4ccf-9364-eaabbf29767b",
    "data": [
      {
        "text": "975 31 2468",
        "alias": "social_security",
        "meta": "@sys.number-sequence",
        "userDefined": false
      }
    ],
    "isTemplate": false,
    "count": 0,
    "updated": 0
  },
  {
    "id": "9e651379-968a-43b1-81c5-af903dbf4c1a",
    "data": [
      {
        "text": "987654321",
        "alias": "social_security",
        "meta": "@sys.number-sequence",
        "userDefined": false
      }
    ],
    "isTemplate": false,
    "count": 0,
    "updated": 0
  },
  {
    "id": "c7b606f4-594d-4430-97a5-6a2eca75716c",
    "data": [
      {
        "text": "728456321",
        "alias": "social_security",
        "meta": "@sys.number-sequence",
        "userDefined": false
      }
    ],
    "isTemplate": false,
    "count": 0,
    "updated": 0
  },
  {
    "id": "72cafda6-1d6c-4914-b276-e9f50acf5791",
    "data": [
      {
        "text": "554 32 1567",
        "alias": "social_security",
        "meta": "@sys.number-sequence",
        "userDefined": false
      }
    ],
    "isTemplate": false,
    "count": 0,
    "updated": 0
  },
  {
    "id": "6c8ffe52-fd8c-4414-a7a0-6abaf7cbaca0",
    "data": [
      {
        "text": "908 89 8765",
        "alias": "social_security",
        "meta": "@sys.number-sequence",
        "userDefined": true
      }
    ],
    "isTemplate": false,
    "count": 0,
    "updated": 0
  },
  {
    "id": "7941df14-23f4-460f-b48b-82aa4ce7a3c0",
    "data": [
      {
        "text": "my ssn is ",
        "userDefined": false
      },
      {
        "text": "352 14 6623",
        "alias": "social_security",
        "meta": "@sys.number-sequence",
        "userDefined": false
      }
    ],
    "isTemplate": false,
    "count": 0,
    "updated": 0
  },
  {
    "id": "8fabc692-cbba-4a64-9b42-9f425cec3f7b",
    "data": [
      {
        "text": "111 22 3333",
        "alias": "social_security",
        "meta": "@sys.number-sequence",
        "userDefined": false
      }
    ],
    "isTemplate": false,
    "count": 0,
    "updated": 0
  },
  {
    "id": "750bcde8-00ea-4105-b7e0-dc2e5858e11e",
    "data": [
      {
        "text": "my ",
        "userDefined": false
      },
      {
        "text": "social security number",
        "meta": "@sys.ignore",
        "userDefined": false
      },
      {
        "text": " is ",
        "userDefined": false
      },
      {
        "text": "123 45 6789",
        "alias": "social_security",
        "meta": "@sys.number-sequence",
        "userDefined": false
      }
    ],
    "isTemplate": false,
    "count": 0,
    "updated": 0
  }
]