[
  {
    "id": "ed5c9fd2-3179-415d-bb7c-5ad5115e29d1",
    "data": [
      {
        "text": "How do I know if I got that form?",
        "userDefined": false
      }
    ],
    "isTemplate": false,
    "count": 0,
    "updated": 0
  },
  {
    "id": "b1d0c21e-cd26-4026-b8ab-85ca609b3e7e",
    "data": [
      {
        "text": "Where do I get that form from?",
        "userDefined": false
      }
    ],
    "isTemplate": false,
    "count": 0,
    "updated": 0
  },
  {
    "id": "bdfbfb73-396c-4c2c-9112-db88be7fcd35",
    "data": [
      {
        "text": "What are those forms?",
        "userDefined": false
      }
    ],
    "isTemplate": false,
    "count": 0,
    "updated": 0
  },
  {
    "id": "7a7ba841-fd90-467b-8876-9ea628c3f84a",
    "data": [
      {
        "text": "And those are?",
        "userDefined": false
      }
    ],
    "isTemplate": false,
    "count": 0,
    "updated": 0
  },
  {
    "id": "14181087-39f3-4f43-af87-0003aecad18a",
    "data": [
      {
        "text": "What are those?",
        "userDefined": false
      }
    ],
    "isTemplate": false,
    "count": 0,
    "updated": 0
  },
  {
    "id": "d1cacd6e-da27-405c-b40e-4d6432cc055d",
    "data": [
      {
        "text": "That was a lot. Can you break it down for me?",
        "userDefined": false
      }
    ],
    "isTemplate": false,
    "count": 0,
    "updated": 0
  },
  {
    "id": "e8e0c22d-b5cd-4efb-8096-cc198631083e",
    "data": [
      {
        "text": "Say what?",
        "userDefined": false
      }
    ],
    "isTemplate": false,
    "count": 0,
    "updated": 0
  },
  {
    "id": "13a5e8ed-4614-4547-8827-2ca81357eb90",
    "data": [
      {
        "text": "I have no idea what to do here",
        "userDefined": false
      }
    ],
    "isTemplate": false,
    "count": 0,
    "updated": 0
  },
  {
    "id": "ce48173d-74c1-4e0a-8f67-82c1e18bb380",
    "data": [
      {
        "text": "Someone help",
        "userDefined": false
      }
    ],
    "isTemplate": false,
    "count": 0,
    "updated": 0
  },
  {
    "id": "f3ddbc28-0a44-480b-b45e-ad02339a746f",
    "data": [
      {
        "text": "I\u0027m lost",
        "userDefined": false
      }
    ],
    "isTemplate": false,
    "count": 0,
    "updated": 0
  },
  {
    "id": "fbc97416-cd1b-4a0c-8d26-388259c627e3",
    "data": [
      {
        "text": "No",
        "meta": "@sys.ignore",
        "userDefined": false
      },
      {
        "text": " clue",
        "userDefined": false
      }
    ],
    "isTemplate": false,
    "count": 0,
    "updated": 0
  },
  {
    "id": "3dc91b3a-2139-465a-b7fb-436557ab7086",
    "data": [
      {
        "text": "I don\u0027t get it",
        "userDefined": false
      }
    ],
    "isTemplate": false,
    "count": 0,
    "updated": 0
  },
  {
    "id": "b9379e43-9e0f-4e65-af53-63097c3b02f8",
    "data": [
      {
        "text": "huh",
        "userDefined": false
      }
    ],
    "isTemplate": false,
    "count": 0,
    "updated": 0
  },
  {
    "id": "80940f2a-f780-4f4a-b097-1e5f2e34184e",
    "data": [
      {
        "text": "Wait what",
        "userDefined": false
      }
    ],
    "isTemplate": false,
    "count": 0,
    "updated": 0
  },
  {
    "id": "27098602-4a97-4491-bdc9-86b339a073aa",
    "data": [
      {
        "text": "Wait I don\u0027t know what that means",
        "userDefined": false
      }
    ],
    "isTemplate": false,
    "count": 0,
    "updated": 0
  },
  {
    "id": "b6b9a128-9381-475a-a95f-9cb8d0f4b010",
    "data": [
      {
        "text": "Explain that term",
        "userDefined": false
      }
    ],
    "isTemplate": false,
    "count": 0,
    "updated": 0
  },
  {
    "id": "a87d33c0-04fd-4e86-a8b5-474f5e6764e4",
    "data": [
      {
        "text": "Explain term",
        "userDefined": false
      }
    ],
    "isTemplate": false,
    "count": 0,
    "updated": 0
  },
  {
    "id": "62ac8248-cea1-4669-8266-6fcb44a0d32b",
    "data": [
      {
        "text": "What in the world does that mean",
        "userDefined": false
      }
    ],
    "isTemplate": false,
    "count": 0,
    "updated": 0
  },
  {
    "id": "b5c1ef2e-4ff3-4745-9c40-2edbb0d2bc75",
    "data": [
      {
        "text": "What in the world",
        "userDefined": false
      }
    ],
    "isTemplate": false,
    "count": 0,
    "updated": 0
  },
  {
    "id": "efdb045d-6abc-4add-b18c-7ebcd347826a",
    "data": [
      {
        "text": "Please tell me what that is",
        "userDefined": false
      }
    ],
    "isTemplate": false,
    "count": 0,
    "updated": 0
  },
  {
    "id": "267e8983-e6b4-4002-9078-a9d42e94101e",
    "data": [
      {
        "text": "please explain",
        "userDefined": false
      }
    ],
    "isTemplate": false,
    "count": 1,
    "updated": 0
  },
  {
    "id": "84f2f145-9fe9-4218-aad2-5d0e236dbd81",
    "data": [
      {
        "text": "I need to know what that is",
        "userDefined": false
      }
    ],
    "isTemplate": false,
    "count": 1,
    "updated": 0
  },
  {
    "id": "69b0e806-49c8-4e78-bc0a-22991bcdeaf6",
    "data": [
      {
        "text": "No",
        "meta": "@sys.ignore",
        "userDefined": false
      },
      {
        "text": " idea what that is",
        "userDefined": false
      }
    ],
    "isTemplate": false,
    "count": 0,
    "updated": 0
  },
  {
    "id": "42d70f26-ee7a-4fe3-a629-6675a1b14bee",
    "data": [
      {
        "text": "Please explain the jargon",
        "userDefined": false
      }
    ],
    "isTemplate": false,
    "count": 0,
    "updated": 0
  },
  {
    "id": "27e86259-7319-475a-bc53-10e50d7eb8ee",
    "data": [
      {
        "text": "That is very esoteric",
        "userDefined": false
      }
    ],
    "isTemplate": false,
    "count": 0,
    "updated": 0
  },
  {
    "id": "7406585f-7d83-4b24-8238-6dfc759fbe7c",
    "data": [
      {
        "text": "That\u0027s a new term to me",
        "userDefined": false
      }
    ],
    "isTemplate": false,
    "count": 0,
    "updated": 0
  },
  {
    "id": "61471de5-aee5-4cf9-99e1-6700cfef5236",
    "data": [
      {
        "text": "I don\u0027t know what that is",
        "userDefined": false
      }
    ],
    "isTemplate": false,
    "count": 0,
    "updated": 0
  },
  {
    "id": "5d92e973-24b7-4084-ae1c-e673ff308a94",
    "data": [
      {
        "text": "Please elaborate",
        "userDefined": false
      }
    ],
    "isTemplate": false,
    "count": 0,
    "updated": 0
  },
  {
    "id": "1f70df92-a7f9-4ce3-bc1d-c47490805989",
    "data": [
      {
        "text": "What in the world is that?",
        "userDefined": false
      }
    ],
    "isTemplate": false,
    "count": 0,
    "updated": 0
  },
  {
    "id": "37d1c4cc-993a-4a49-8b2f-43250a8c00c8",
    "data": [
      {
        "text": "What does that mean?",
        "userDefined": false
      }
    ],
    "isTemplate": false,
    "count": 0,
    "updated": 0
  },
  {
    "id": "b096d58c-4ff3-48b8-97b1-71c4d5e811a3",
    "data": [
      {
        "text": "Say wha?",
        "userDefined": false
      }
    ],
    "isTemplate": false,
    "count": 0,
    "updated": 0
  },
  {
    "id": "06044e54-b137-4e41-a8f5-7bd60c841409",
    "data": [
      {
        "text": "What is that?",
        "userDefined": false
      }
    ],
    "isTemplate": false,
    "count": 0,
    "updated": 0
  }
]