[
  {
    "id": "b2eadcca-3976-46a6-bd67-5e76cb5d6fb9",
    "data": [
      {
        "text": "Can you give me an alternate definition?",
        "userDefined": false
      }
    ],
    "isTemplate": false,
    "count": 0,
    "updated": 0
  },
  {
    "id": "3810c1ac-ce08-4251-9351-7e038a885d05",
    "data": [
      {
        "text": "Please give me a better response",
        "userDefined": false
      }
    ],
    "isTemplate": false,
    "count": 0,
    "updated": 0
  },
  {
    "id": "1994a16d-4d80-4dda-b89a-ef4cba36dbc1",
    "data": [
      {
        "text": "I don\u0027t get it",
        "userDefined": false
      }
    ],
    "isTemplate": false,
    "count": 0,
    "updated": 0
  },
  {
    "id": "dc4c2314-f905-4eae-b948-72e3f628d710",
    "data": [
      {
        "text": "Can you give me another definition?",
        "userDefined": false
      }
    ],
    "isTemplate": false,
    "count": 0,
    "updated": 0
  },
  {
    "id": "b8b184a1-c003-4dae-b580-a5cfc1817278",
    "data": [
      {
        "text": "Uh, what?",
        "userDefined": false
      }
    ],
    "isTemplate": false,
    "count": 0,
    "updated": 0
  },
  {
    "id": "b4c5e6f1-bf89-47a5-827b-b06e938e3ecd",
    "data": [
      {
        "text": "Can you explain it again?",
        "userDefined": false
      }
    ],
    "isTemplate": false,
    "count": 0,
    "updated": 0
  },
  {
    "id": "ada9e855-9fb3-4cc0-85bb-bab0843d987e",
    "data": [
      {
        "text": "No",
        "userDefined": false
      }
    ],
    "isTemplate": false,
    "count": 0,
    "updated": 0
  },
  {
    "id": "60e6c40c-c942-474e-9778-79a3d47a72df",
    "data": [
      {
        "text": "No, I \u0027don\u0027t understand",
        "userDefined": false
      }
    ],
    "isTemplate": false,
    "count": 0,
    "updated": 0
  },
  {
    "id": "11f64d9e-ed00-4d8e-9b2d-febb20860078",
    "data": [
      {
        "text": "can you explain it again",
        "userDefined": false
      }
    ],
    "isTemplate": false,
    "count": 0,
    "updated": 0
  },
  {
    "id": "f9562431-233c-40fd-8a9d-938a455ab53d",
    "data": [
      {
        "text": "I dont understand",
        "userDefined": false
      }
    ],
    "isTemplate": false,
    "count": 1,
    "updated": 0
  },
  {
    "id": "eb3fc4f2-9f54-4770-b683-be5f21b3a641",
    "data": [
      {
        "text": "repeat",
        "userDefined": false
      }
    ],
    "isTemplate": false,
    "count": 0,
    "updated": 0
  },
  {
    "id": "9c27719d-0d2b-40e0-9d70-ac7dbfc90d85",
    "data": [
      {
        "text": "repeat it",
        "userDefined": false
      }
    ],
    "isTemplate": false,
    "count": 0,
    "updated": 0
  },
  {
    "id": "855f5cc2-1ab8-46db-ab6a-7cbed3953cca",
    "data": [
      {
        "text": "could you repeat that",
        "userDefined": false
      }
    ],
    "isTemplate": false,
    "count": 0,
    "updated": 0
  },
  {
    "id": "1009f1f3-fce4-4ea4-850e-2fab80c9bbf6",
    "data": [
      {
        "text": "do it again",
        "userDefined": false
      }
    ],
    "isTemplate": false,
    "count": 0,
    "updated": 0
  },
  {
    "id": "40fe9c17-e393-4d28-9d9f-db352c9a1c94",
    "data": [
      {
        "text": "repeat these results",
        "userDefined": false
      }
    ],
    "isTemplate": false,
    "count": 0,
    "updated": 0
  },
  {
    "id": "4f2f0306-abcd-47ee-b6ed-d19cefd958ec",
    "data": [
      {
        "text": "say the same again",
        "userDefined": false
      }
    ],
    "isTemplate": false,
    "count": 0,
    "updated": 0
  },
  {
    "id": "3913d4d8-0311-48b1-b311-4218956ebadd",
    "data": [
      {
        "text": "repeat what you\u0027ve just said",
        "userDefined": false
      }
    ],
    "isTemplate": false,
    "count": 0,
    "updated": 0
  },
  {
    "id": "5a6fd197-74c2-4e62-8413-894d9b12e517",
    "data": [
      {
        "text": "come again",
        "userDefined": false
      }
    ],
    "isTemplate": false,
    "count": 0,
    "updated": 0
  },
  {
    "id": "9d18e417-4a07-4f66-997d-13c6d92f51c6",
    "data": [
      {
        "text": "say it again",
        "userDefined": false
      }
    ],
    "isTemplate": false,
    "count": 0,
    "updated": 0
  },
  {
    "id": "d1ed398b-6f22-4bed-96ea-f871c35c4891",
    "data": [
      {
        "text": "please repeat that",
        "userDefined": false
      }
    ],
    "isTemplate": false,
    "count": 0,
    "updated": 0
  }
]