[
  {
    "id": "3ef724cd-9ada-4c27-91b9-69439d15d44e",
    "data": [
      {
        "text": "yes",
        "meta": "@sys.ignore",
        "userDefined": false
      },
      {
        "text": ", thanks",
        "userDefined": false
      }
    ],
    "isTemplate": false,
    "count": 0,
    "updated": 0
  },
  {
    "id": "12c80d66-2f31-4887-9d35-9ba3f393a49d",
    "data": [
      {
        "text": "of course",
        "userDefined": false
      }
    ],
    "isTemplate": false,
    "count": 0,
    "updated": 0
  },
  {
    "id": "b1523e49-233d-458c-a0a6-8188da111a20",
    "data": [
      {
        "text": "yes",
        "meta": "@sys.ignore",
        "userDefined": false
      }
    ],
    "isTemplate": false,
    "count": 1,
    "updated": 0
  },
  {
    "id": "b1b681b9-f6f8-42e6-911d-6f17fafd8969",
    "data": [
      {
        "text": "definitely",
        "userDefined": false
      }
    ],
    "isTemplate": false,
    "count": 0,
    "updated": 0
  },
  {
    "id": "77951bb4-13b2-4472-9a83-fba71c5d844c",
    "data": [
      {
        "text": "indeed",
        "userDefined": false
      }
    ],
    "isTemplate": false,
    "count": 0,
    "updated": 0
  },
  {
    "id": "b963698d-0a6a-4bf1-a9e7-54172055ed42",
    "data": [
      {
        "text": "uh huh",
        "userDefined": false
      }
    ],
    "isTemplate": false,
    "count": 1,
    "updated": 0
  }
]