[
  {
    "id": "324cfb83-a035-409d-a5d2-7b403020ac94",
    "data": [
      {
        "text": "I\u0027m so rich because I got ",
        "userDefined": false
      },
      {
        "text": "45832 dollars and zero cents",
        "alias": "unit-currency",
        "meta": "@sys.unit-currency",
        "userDefined": true
      },
      {
        "text": " in 2019",
        "userDefined": false
      }
    ],
    "isTemplate": false,
    "count": 0,
    "updated": 0
  },
  {
    "id": "7d6d3fe0-69d9-478f-bfc3-db1edeac52eb",
    "data": [
      {
        "text": "With my bonus, I accrued ",
        "userDefined": false
      },
      {
        "text": "968390.29 dollars",
        "alias": "unit-currency",
        "meta": "@sys.unit-currency",
        "userDefined": true
      },
      {
        "text": " last year",
        "userDefined": false
      }
    ],
    "isTemplate": false,
    "count": 0,
    "updated": 0
  },
  {
    "id": "4eaf0b6e-9d2b-4d7e-a2e2-b9faae0e3b7f",
    "data": [
      {
        "text": "I accumulated ",
        "userDefined": false
      },
      {
        "text": "2939 dollars",
        "alias": "unit-currency",
        "meta": "@sys.unit-currency",
        "userDefined": true
      },
      {
        "text": " this past year",
        "userDefined": false
      }
    ],
    "isTemplate": false,
    "count": 0,
    "updated": 0
  },
  {
    "id": "fc2976db-a44b-49e4-9835-40fe11898d78",
    "data": [
      {
        "text": "I earned ",
        "userDefined": false
      },
      {
        "text": "91039 dollars and 5 cents",
        "alias": "unit-currency",
        "meta": "@sys.unit-currency",
        "userDefined": true
      },
      {
        "text": " last year",
        "userDefined": false
      }
    ],
    "isTemplate": false,
    "count": 0,
    "updated": 0
  },
  {
    "id": "f62ef3f9-4c35-4e9b-b0ec-11ab37fe41e3",
    "data": [
      {
        "text": "four thousand five hundred twenty one dollars and 91 cents",
        "alias": "unit-currency",
        "meta": "@sys.unit-currency",
        "userDefined": false
      }
    ],
    "isTemplate": false,
    "count": 0,
    "updated": 0
  },
  {
    "id": "9419f057-5b25-49fe-bfc3-bcbcee0815fd",
    "data": [
      {
        "text": "48203 dollars and 1 cent",
        "alias": "unit-currency",
        "meta": "@sys.unit-currency",
        "userDefined": false
      }
    ],
    "isTemplate": false,
    "count": 0,
    "updated": 0
  },
  {
    "id": "c5054bba-cc6d-4fea-b9e5-1e7e71b22147",
    "data": [
      {
        "text": "With tips, I made ",
        "userDefined": false
      },
      {
        "text": "32020 dollars and 34 cents",
        "alias": "unit-currency",
        "meta": "@sys.unit-currency",
        "userDefined": true
      },
      {
        "text": " this last year",
        "userDefined": false
      }
    ],
    "isTemplate": false,
    "count": 0,
    "updated": 0
  },
  {
    "id": "2ce9fc78-90c5-4596-9af6-d45bfd09d5e8",
    "data": [
      {
        "text": "My W-2 says I made ",
        "userDefined": false
      },
      {
        "text": "530293 dollars",
        "alias": "unit-currency",
        "meta": "@sys.unit-currency",
        "userDefined": true
      }
    ],
    "isTemplate": false,
    "count": 0,
    "updated": 0
  },
  {
    "id": "d6f1215a-7cdb-40e2-807e-43d159429eca",
    "data": [
      {
        "text": "$39203.20 dollars",
        "alias": "unit-currency",
        "meta": "@sys.unit-currency",
        "userDefined": true
      }
    ],
    "isTemplate": false,
    "count": 0,
    "updated": 0
  },
  {
    "id": "e90d06d0-8476-4197-9532-34453d8c439a",
    "data": [
      {
        "text": "I made ",
        "userDefined": false
      },
      {
        "text": "68923 dollars and 0 cents",
        "alias": "unit-currency",
        "meta": "@sys.unit-currency",
        "userDefined": true
      },
      {
        "text": " this past year.",
        "userDefined": false
      }
    ],
    "isTemplate": false,
    "count": 0,
    "updated": 0
  },
  {
    "id": "c2f54a26-a2d6-42d3-b48d-d1787e943f78",
    "data": [
      {
        "text": "My salary is ",
        "userDefined": false
      },
      {
        "text": "68,000",
        "alias": "unit-currency",
        "meta": "@sys.unit-currency",
        "userDefined": true
      }
    ],
    "isTemplate": false,
    "count": 0,
    "updated": 0
  },
  {
    "id": "f41fe4bd-23d4-4fb2-9439-929c2a98a287",
    "data": [
      {
        "text": "My total wages, salaries, and tips was ",
        "userDefined": false
      },
      {
        "text": "2343 dollars",
        "alias": "unit-currency",
        "meta": "@sys.unit-currency",
        "userDefined": true
      }
    ],
    "isTemplate": false,
    "count": 0,
    "updated": 0
  },
  {
    "id": "9abdbf82-1995-4b71-b3ea-e3591c75d5f8",
    "data": [
      {
        "text": "My total wages was ",
        "userDefined": false
      },
      {
        "text": "103520 dollars and 43 cents",
        "alias": "unit-currency",
        "meta": "@sys.unit-currency",
        "userDefined": true
      }
    ],
    "isTemplate": false,
    "count": 0,
    "updated": 0
  },
  {
    "id": "cd593d25-d943-4be4-8805-5fefc1f63d62",
    "data": [
      {
        "text": "My total income was ",
        "userDefined": false
      },
      {
        "text": "4392 dollars and 91 cents",
        "alias": "unit-currency",
        "meta": "@sys.unit-currency",
        "userDefined": true
      }
    ],
    "isTemplate": false,
    "count": 0,
    "updated": 0
  }
]