[
  {
    "id": "ac831dcc-bd09-4e7e-9fcf-2d2f06e7d223",
    "data": [
      {
        "text": "goodbye",
        "userDefined": false
      }
    ],
    "isTemplate": false,
    "count": 1,
    "updated": 0
  },
  {
    "id": "e4baada6-140e-4d77-b86c-59beb7a0c1af",
    "data": [
      {
        "text": "see ya",
        "userDefined": false
      }
    ],
    "isTemplate": false,
    "count": 1,
    "updated": 0
  },
  {
    "id": "8443e333-9b05-4365-9c7a-35a77adbb80d",
    "data": [
      {
        "text": "bye",
        "userDefined": false
      }
    ],
    "isTemplate": false,
    "count": 1,
    "updated": 0
  },
  {
    "id": "cda04297-92a3-4854-80f1-ecee40f14668",
    "data": [
      {
        "text": "good bye",
        "userDefined": false
      }
    ],
    "isTemplate": false,
    "count": 0,
    "updated": 0
  },
  {
    "id": "d292505d-7c8e-4869-9f30-28925f318f2b",
    "data": [
      {
        "text": "That\u0027s all folks",
        "userDefined": false
      }
    ],
    "isTemplate": false,
    "count": 1,
    "updated": 0
  },
  {
    "id": "f4f13a31-5897-41b3-9946-a024c4842d6e",
    "data": [
      {
        "text": "Thank you so much",
        "userDefined": false
      }
    ],
    "isTemplate": false,
    "count": 0,
    "updated": 0
  },
  {
    "id": "b8f39dae-f0bc-41b3-83d9-1b63da83fa67",
    "data": [
      {
        "text": "No more I\u0027m done",
        "userDefined": false
      }
    ],
    "isTemplate": false,
    "count": 0,
    "updated": 0
  },
  {
    "id": "a204f126-45a6-4dd5-b3d5-2c36c37ddfd0",
    "data": [
      {
        "text": "That\u0027s it",
        "userDefined": false
      }
    ],
    "isTemplate": false,
    "count": 0,
    "updated": 0
  },
  {
    "id": "70f0a83a-203b-4aa7-a5f0-5ff3985313db",
    "data": [
      {
        "text": "All done",
        "userDefined": false
      }
    ],
    "isTemplate": false,
    "count": 0,
    "updated": 0
  },
  {
    "id": "b4815722-2454-4031-8fea-bbdd3539f8f6",
    "data": [
      {
        "text": "Bye. Thanks so much",
        "userDefined": false
      }
    ],
    "isTemplate": false,
    "count": 0,
    "updated": 0
  },
  {
    "id": "3e1f059a-d056-4ebf-b8b7-08c8ea90d4b4",
    "data": [
      {
        "text": "Bye bye",
        "userDefined": false
      }
    ],
    "isTemplate": false,
    "count": 0,
    "updated": 0
  },
  {
    "id": "468035ba-e6b1-443f-872c-a412ec069ed2",
    "data": [
      {
        "text": "That\u0027s everything. I\u0027m done",
        "userDefined": false
      }
    ],
    "isTemplate": false,
    "count": 0,
    "updated": 0
  },
  {
    "id": "f71e2bf4-4bbe-4783-b8d4-b462383f6a5d",
    "data": [
      {
        "text": "I\u0027m all done. Thanks",
        "userDefined": false
      }
    ],
    "isTemplate": false,
    "count": 1,
    "updated": 0
  }
]