[
  {
    "id": "4a6ae4fe-6898-48ad-9b69-1f5d42510030",
    "data": [
      {
        "text": "938283",
        "alias": "wages",
        "meta": "@sys.number",
        "userDefined": false
      }
    ],
    "isTemplate": false,
    "count": 0,
    "updated": 0
  },
  {
    "id": "507baa2d-99f0-4efa-a87a-9b5ae71d2561",
    "data": [
      {
        "text": "2839",
        "alias": "wages",
        "meta": "@sys.number",
        "userDefined": true
      }
    ],
    "isTemplate": false,
    "count": 0,
    "updated": 0
  },
  {
    "id": "53205672-d69f-4ef9-84ab-eea92ba94ca8",
    "data": [
      {
        "text": "395932.30",
        "alias": "wages",
        "meta": "@sys.number",
        "userDefined": true
      }
    ],
    "isTemplate": false,
    "count": 0,
    "updated": 0
  },
  {
    "id": "40846c6d-eb0b-4fdd-8a65-cd50bf7bcf1c",
    "data": [
      {
        "text": "1234.42",
        "alias": "wages",
        "meta": "@sys.number",
        "userDefined": false
      }
    ],
    "isTemplate": false,
    "count": 0,
    "updated": 0
  },
  {
    "id": "f3592701-6413-4bea-8853-a935855ce525",
    "data": [
      {
        "text": "100k",
        "alias": "wages",
        "meta": "@sys.number",
        "userDefined": true
      }
    ],
    "isTemplate": false,
    "count": 0,
    "updated": 0
  },
  {
    "id": "7e0c25d8-4d84-45be-a559-f5ba31461b06",
    "data": [
      {
        "text": "100,000",
        "alias": "wages",
        "meta": "@sys.number",
        "userDefined": true
      }
    ],
    "isTemplate": false,
    "count": 0,
    "updated": 0
  },
  {
    "id": "488b1a18-9516-4169-a57d-97f29c33bbd6",
    "data": [
      {
        "text": "$100,000",
        "alias": "wages",
        "meta": "@sys.number",
        "userDefined": true
      }
    ],
    "isTemplate": false,
    "count": 0,
    "updated": 0
  },
  {
    "id": "7acf025a-4086-46bc-bb9c-0de3cf235693",
    "data": [
      {
        "text": "My total amount is ",
        "userDefined": false
      },
      {
        "text": "$100,000",
        "alias": "wages",
        "meta": "@sys.number",
        "userDefined": true
      }
    ],
    "isTemplate": false,
    "count": 0,
    "updated": 0
  },
  {
    "id": "c614b4bf-eec8-454a-8abc-6bdeec00f239",
    "data": [
      {
        "text": "I made ",
        "userDefined": false
      },
      {
        "text": "$1,000,000",
        "alias": "wages",
        "meta": "@sys.number",
        "userDefined": true
      },
      {
        "text": " this year in total.",
        "userDefined": false
      }
    ],
    "isTemplate": false,
    "count": 0,
    "updated": 0
  }
]