[
  {
    "id": "b6491154-df3b-47bb-af49-4142e2b978ee",
    "data": [
      {
        "text": "Sure",
        "alias": "pass-through-business",
        "meta": "@bool",
        "userDefined": false
      },
      {
        "text": " I ",
        "userDefined": false
      },
      {
        "text": "do",
        "meta": "@sys.ignore",
        "userDefined": false
      }
    ],
    "isTemplate": false,
    "count": 0,
    "updated": 0
  },
  {
    "id": "2b68c205-86da-4919-90a8-b83440362939",
    "data": [
      {
        "text": "totally",
        "alias": "pass-through-business",
        "meta": "@bool",
        "userDefined": false
      }
    ],
    "isTemplate": false,
    "count": 0,
    "updated": 0
  },
  {
    "id": "57936330-5fed-4e41-a35a-2bf9c8d8c914",
    "data": [
      {
        "text": "yes",
        "alias": "pass-through-business",
        "meta": "@bool",
        "userDefined": false
      },
      {
        "text": " way",
        "userDefined": false
      }
    ],
    "isTemplate": false,
    "count": 0,
    "updated": 0
  },
  {
    "id": "666d3633-354b-47a3-b0ba-71c78d10cffe",
    "data": [
      {
        "text": "no",
        "alias": "pass-through-business",
        "meta": "@bool",
        "userDefined": false
      },
      {
        "text": " way",
        "userDefined": false
      }
    ],
    "isTemplate": false,
    "count": 0,
    "updated": 0
  },
  {
    "id": "f3b2d651-1ca4-4c6b-b487-e25c33d746d0",
    "data": [
      {
        "text": "yup",
        "alias": "pass-through-business",
        "meta": "@bool",
        "userDefined": false
      }
    ],
    "isTemplate": false,
    "count": 0,
    "updated": 0
  },
  {
    "id": "8a34a697-e40a-4b04-b049-251e8acb6845",
    "data": [
      {
        "text": "nope",
        "alias": "pass-through-business",
        "meta": "@bool",
        "userDefined": false
      }
    ],
    "isTemplate": false,
    "count": 0,
    "updated": 0
  },
  {
    "id": "dee6bfef-e1c9-4a5c-a402-e59b3013c7de",
    "data": [
      {
        "text": "no",
        "alias": "pass-through-business",
        "meta": "@bool",
        "userDefined": false
      }
    ],
    "isTemplate": false,
    "count": 0,
    "updated": 0
  },
  {
    "id": "cc8f342c-ba6f-4ce5-8c6e-001e89be0488",
    "data": [
      {
        "text": "yes",
        "alias": "pass-through-business",
        "meta": "@bool",
        "userDefined": false
      }
    ],
    "isTemplate": false,
    "count": 0,
    "updated": 0
  }
]