[
  {
    "id": "1b0ab197-1638-48d3-9009-9e2b8d5cf186",
    "data": [
      {
        "text": "10000.00",
        "alias": "self-employed-health-insurance",
        "meta": "@sys.number",
        "userDefined": true
      }
    ],
    "isTemplate": false,
    "count": 0,
    "updated": 0
  },
  {
    "id": "855b1673-d3c9-4dc6-973b-ecede653b5ce",
    "data": [
      {
        "text": "1000.00",
        "alias": "self-employed-health-insurance",
        "meta": "@sys.number",
        "userDefined": true
      }
    ],
    "isTemplate": false,
    "count": 0,
    "updated": 0
  }
]