[
  {
    "id": "c6978018-1fc2-444f-b950-8688d498085f",
    "data": [
      {
        "text": "20395985.23",
        "alias": "ordinary-dividends",
        "meta": "@sys.number",
        "userDefined": false
      }
    ],
    "isTemplate": false,
    "count": 0,
    "updated": 0
  },
  {
    "id": "649ed0dd-ff0a-4576-8f76-19cc74309d25",
    "data": [
      {
        "text": "193.43",
        "alias": "ordinary-dividends",
        "meta": "@sys.number",
        "userDefined": false
      }
    ],
    "isTemplate": false,
    "count": 0,
    "updated": 0
  }
]