[
  {
    "id": "c9a6b497-7cdb-4719-9202-b38e3402d5db",
    "data": [
      {
        "text": "yup",
        "alias": "has-1099-R",
        "meta": "@bool",
        "userDefined": false
      }
    ],
    "isTemplate": false,
    "count": 0,
    "updated": 0
  },
  {
    "id": "db772779-c7cb-43dc-8529-af1cbd724126",
    "data": [
      {
        "text": "no",
        "alias": "has-1099-R",
        "meta": "@bool",
        "userDefined": false
      }
    ],
    "isTemplate": false,
    "count": 0,
    "updated": 0
  },
  {
    "id": "4c2e233f-eae5-40c6-add6-33dc7f94a57e",
    "data": [
      {
        "text": "yes",
        "alias": "has-1099-R",
        "meta": "@bool",
        "userDefined": false
      }
    ],
    "isTemplate": false,
    "count": 0,
    "updated": 0
  }
]