[
  {
    "id": "344a012e-b965-457f-903d-7e160a3edb5c",
    "data": [
      {
        "text": "345353357547",
        "alias": "taxable-interest",
        "meta": "@sys.number",
        "userDefined": false
      }
    ],
    "isTemplate": false,
    "count": 0,
    "updated": 0
  },
  {
    "id": "13abca69-00ab-4240-8040-8566385853e3",
    "data": [
      {
        "text": "34535",
        "alias": "taxable-interest",
        "meta": "@sys.number",
        "userDefined": false
      }
    ],
    "isTemplate": false,
    "count": 0,
    "updated": 0
  },
  {
    "id": "34800482-a252-4688-adbe-e7e32b4f7e50",
    "data": [
      {
        "text": "6765835357546868",
        "alias": "taxable-interest",
        "meta": "@sys.number",
        "userDefined": false
      }
    ],
    "isTemplate": false,
    "count": 0,
    "updated": 0
  },
  {
    "id": "ddb98279-dd02-4045-9719-e33ffe50d66e",
    "data": [
      {
        "text": "676583535754",
        "alias": "taxable-interest",
        "meta": "@sys.number",
        "userDefined": false
      }
    ],
    "isTemplate": false,
    "count": 0,
    "updated": 0
  },
  {
    "id": "5ecee6c7-3aff-4518-80d7-51d56b5366a5",
    "data": [
      {
        "text": "67658",
        "alias": "taxable-interest",
        "meta": "@sys.number",
        "userDefined": false
      }
    ],
    "isTemplate": false,
    "count": 0,
    "updated": 0
  },
  {
    "id": "2ed6e5e3-d9dd-4df6-b379-b0e03dd3e624",
    "data": [
      {
        "text": "576745456",
        "alias": "taxable-interest",
        "meta": "@sys.number",
        "userDefined": false
      }
    ],
    "isTemplate": false,
    "count": 0,
    "updated": 0
  },
  {
    "id": "c5b95cc5-cfb4-446c-9848-51c35dfdc58b",
    "data": [
      {
        "text": "5767",
        "alias": "taxable-interest",
        "meta": "@sys.number",
        "userDefined": false
      }
    ],
    "isTemplate": false,
    "count": 0,
    "updated": 0
  },
  {
    "id": "875cf1c1-4500-4892-b16d-05e071f5b598",
    "data": [
      {
        "text": "57846535",
        "alias": "taxable-interest",
        "meta": "@sys.number",
        "userDefined": false
      }
    ],
    "isTemplate": false,
    "count": 0,
    "updated": 0
  },
  {
    "id": "a5894b9a-f007-4a0e-bd26-9fba9369c114",
    "data": [
      {
        "text": "578",
        "alias": "taxable-interest",
        "meta": "@sys.number",
        "userDefined": false
      }
    ],
    "isTemplate": false,
    "count": 0,
    "updated": 0
  },
  {
    "id": "f0cf2f72-7a9c-4d68-ad20-5f5974ecdb3d",
    "data": [
      {
        "text": "6",
        "alias": "taxable-interest",
        "meta": "@sys.number",
        "userDefined": false
      }
    ],
    "isTemplate": false,
    "count": 0,
    "updated": 0
  },
  {
    "id": "a7578104-3bb0-40bc-83e3-8a088faba565",
    "data": [
      {
        "text": "452",
        "alias": "taxable-interest",
        "meta": "@sys.number",
        "userDefined": false
      }
    ],
    "isTemplate": false,
    "count": 0,
    "updated": 0
  },
  {
    "id": "fbc07176-7c92-47f4-b225-707b8a8981ab",
    "data": [
      {
        "text": "9",
        "alias": "taxable-interest",
        "meta": "@sys.number",
        "userDefined": false
      }
    ],
    "isTemplate": false,
    "count": 0,
    "updated": 0
  },
  {
    "id": "aef6cbfa-9848-478c-a77a-43752e0a8bd5",
    "data": [
      {
        "text": "76",
        "alias": "taxable-interest",
        "meta": "@sys.number",
        "userDefined": false
      }
    ],
    "isTemplate": false,
    "count": 0,
    "updated": 0
  },
  {
    "id": "5472919a-8c9c-4198-82b5-7a17883e2ad0",
    "data": [
      {
        "text": "34234",
        "alias": "taxable-interest",
        "meta": "@sys.number",
        "userDefined": false
      }
    ],
    "isTemplate": false,
    "count": 0,
    "updated": 0
  },
  {
    "id": "379f4201-35e8-4a89-b871-c3e47ce6e52e",
    "data": [
      {
        "text": "6426",
        "alias": "taxable-interest",
        "meta": "@sys.number",
        "userDefined": false
      }
    ],
    "isTemplate": false,
    "count": 0,
    "updated": 0
  },
  {
    "id": "3dadcf48-cec6-46ed-9b76-c3639cb18d80",
    "data": [
      {
        "text": "1251",
        "alias": "taxable-interest",
        "meta": "@sys.number",
        "userDefined": false
      }
    ],
    "isTemplate": false,
    "count": 0,
    "updated": 0
  },
  {
    "id": "2dd57be1-e478-4284-a402-09f4842d6284",
    "data": [
      {
        "text": "213",
        "alias": "taxable-interest",
        "meta": "@sys.number",
        "userDefined": false
      }
    ],
    "isTemplate": false,
    "count": 0,
    "updated": 0
  }
]