[
  {
    "id": "7d17fae0-5fdf-47c1-8a95-b60e89f1baab",
    "data": [
      {
        "text": "Yes",
        "alias": "has-1099-DIV",
        "meta": "@bool",
        "userDefined": false
      }
    ],
    "isTemplate": false,
    "count": 0,
    "updated": 0
  },
  {
    "id": "df0a2271-b2b2-44bf-bc58-7cb984557309",
    "data": [
      {
        "text": "No",
        "meta": "@sys.ignore",
        "userDefined": false
      },
      {
        "text": " i do ",
        "userDefined": false
      },
      {
        "text": "not",
        "alias": "has-1099-DIV",
        "meta": "@bool",
        "userDefined": false
      }
    ],
    "isTemplate": false,
    "count": 0,
    "updated": 0
  }
]