[
  {
    "id": "fafa3dce-0c8c-4e95-930e-361258efc027",
    "data": [
      {
        "text": "10000",
        "alias": "health-savings-deductions",
        "meta": "@sys.number",
        "userDefined": true
      }
    ],
    "isTemplate": false,
    "count": 0,
    "updated": 0
  },
  {
    "id": "fe02949c-b9f7-41f6-8375-3c9483030174",
    "data": [
      {
        "text": "1000",
        "alias": "health-savings-deductions",
        "meta": "@sys.number",
        "userDefined": true
      }
    ],
    "isTemplate": false,
    "count": 0,
    "updated": 0
  }
]