[
  {
    "id": "29fc5cdf-913c-4e83-9622-66163673e7dd",
    "data": [
      {
        "text": "1000",
        "alias": "moving-expenses-armed-forces",
        "meta": "@sys.number",
        "userDefined": true
      }
    ],
    "isTemplate": false,
    "count": 0,
    "updated": 0
  },
  {
    "id": "dc37a1fc-22dd-4f74-812a-913696b0ac0e",
    "data": [
      {
        "text": "0",
        "alias": "moving-expenses-armed-forces",
        "meta": "@sys.number",
        "userDefined": true
      }
    ],
    "isTemplate": false,
    "count": 0,
    "updated": 0
  }
]