[
  {
    "id": "39dfb1a0-8870-45fa-b636-7e8a62356699",
    "data": [
      {
        "text": "1000",
        "alias": "business-expenses",
        "meta": "@sys.number",
        "userDefined": true
      }
    ],
    "isTemplate": false,
    "count": 0,
    "updated": 0
  },
  {
    "id": "c1bb1e23-4968-482e-bd6d-cdd0e45dee90",
    "data": [
      {
        "text": "10000",
        "alias": "business-expenses",
        "meta": "@sys.number",
        "userDefined": true
      }
    ],
    "isTemplate": false,
    "count": 0,
    "updated": 0
  }
]