[
  {
    "id": "8166c49a-d0f7-492e-86c4-c2612fef6bb2",
    "data": [
      {
        "text": "10000.00",
        "alias": "alimony-paid",
        "meta": "@sys.number",
        "userDefined": true
      }
    ],
    "isTemplate": false,
    "count": 0,
    "updated": 0
  },
  {
    "id": "656ac126-8dbf-4a5d-8163-acbffe0aac1d",
    "data": [
      {
        "text": "1000.00",
        "alias": "alimony-paid",
        "meta": "@sys.number",
        "userDefined": true
      }
    ],
    "isTemplate": false,
    "count": 0,
    "updated": 0
  }
]