[
  {
    "id": "4908359e-9459-4da1-829a-26010c974703",
    "data": [
      {
        "text": "no",
        "alias": "owns-business",
        "meta": "@bool",
        "userDefined": true
      }
    ],
    "isTemplate": false,
    "count": 0,
    "updated": 0
  },
  {
    "id": "1e7e2cea-5897-4a2f-aae6-ae02c3fcab79",
    "data": [
      {
        "text": "yes",
        "alias": "owns-business",
        "meta": "@bool",
        "userDefined": true
      }
    ],
    "isTemplate": false,
    "count": 0,
    "updated": 0
  }
]