[
  {
    "id": "3aefefc9-32d9-4117-93ed-c652188f8ef2",
    "data": [
      {
        "text": "246",
        "alias": "pensions-and-annuities",
        "meta": "@sys.number",
        "userDefined": false
      }
    ],
    "isTemplate": false,
    "count": 0,
    "updated": 0
  },
  {
    "id": "8dabc1b4-737d-47f5-be1f-435a7067c316",
    "data": [
      {
        "text": "35",
        "alias": "pensions-and-annuities",
        "meta": "@sys.number",
        "userDefined": false
      }
    ],
    "isTemplate": false,
    "count": 0,
    "updated": 0
  },
  {
    "id": "893b6f27-d5d8-41b1-87bd-178e8991f5d4",
    "data": [
      {
        "text": "245",
        "alias": "pensions-and-annuities",
        "meta": "@sys.number",
        "userDefined": false
      }
    ],
    "isTemplate": false,
    "count": 0,
    "updated": 0
  },
  {
    "id": "69230193-5d0d-4f2a-9ecc-377494b9dfac",
    "data": [
      {
        "text": "234",
        "alias": "pensions-and-annuities",
        "meta": "@sys.number",
        "userDefined": false
      }
    ],
    "isTemplate": false,
    "count": 0,
    "updated": 0
  },
  {
    "id": "8d48c07c-dcd3-4155-b9a6-19778c5b1e2c",
    "data": [
      {
        "text": "634",
        "alias": "pensions-and-annuities",
        "meta": "@sys.number",
        "userDefined": false
      }
    ],
    "isTemplate": false,
    "count": 0,
    "updated": 0
  },
  {
    "id": "1690ba53-aaf3-4a98-8aa3-b7282614eaca",
    "data": [
      {
        "text": "235",
        "alias": "pensions-and-annuities",
        "meta": "@sys.number",
        "userDefined": false
      }
    ],
    "isTemplate": false,
    "count": 0,
    "updated": 0
  },
  {
    "id": "391cf4d0-0ef4-48a6-aa43-3eaf944b56d9",
    "data": [
      {
        "text": "525",
        "alias": "pensions-and-annuities",
        "meta": "@sys.number",
        "userDefined": false
      }
    ],
    "isTemplate": false,
    "count": 0,
    "updated": 0
  },
  {
    "id": "9bddac84-3faf-4bf8-96ae-179cba5dae93",
    "data": [
      {
        "text": "242",
        "alias": "pensions-and-annuities",
        "meta": "@sys.number",
        "userDefined": false
      }
    ],
    "isTemplate": false,
    "count": 0,
    "updated": 0
  }
]