[
  {
    "id": "2edb0aa0-dc55-4a3e-84c5-c5f929ccc51a",
    "data": [
      {
        "text": "of course",
        "alias": "bool",
        "meta": "@bool",
        "userDefined": false
      }
    ],
    "isTemplate": false,
    "count": 0,
    "updated": 0
  },
  {
    "id": "fec4f26a-a069-4410-99ff-e5bc1012af02",
    "data": [
      {
        "text": "no",
        "alias": "bool",
        "meta": "@bool",
        "userDefined": false
      },
      {
        "text": " way",
        "userDefined": false
      }
    ],
    "isTemplate": false,
    "count": 0,
    "updated": 0
  },
  {
    "id": "4e25b0af-b614-4762-a2c0-41ccca7d67bb",
    "data": [
      {
        "text": "no",
        "alias": "bool",
        "meta": "@bool",
        "userDefined": false
      }
    ],
    "isTemplate": false,
    "count": 0,
    "updated": 0
  },
  {
    "id": "17f09181-8962-4649-ab68-9662d8661782",
    "data": [
      {
        "text": "nope",
        "alias": "bool",
        "meta": "@bool",
        "userDefined": false
      }
    ],
    "isTemplate": false,
    "count": 0,
    "updated": 0
  },
  {
    "id": "35f4624f-0b2f-4d03-a56c-0ab804aa8aee",
    "data": [
      {
        "text": "yeah",
        "alias": "bool",
        "meta": "@bool",
        "userDefined": false
      }
    ],
    "isTemplate": false,
    "count": 0,
    "updated": 0
  },
  {
    "id": "34dbeb57-7b4e-47b2-924c-d197335f58e6",
    "data": [
      {
        "text": "sure",
        "alias": "bool",
        "meta": "@bool",
        "userDefined": false
      }
    ],
    "isTemplate": false,
    "count": 0,
    "updated": 0
  }
]