[
  {
    "id": "e0451cd2-85d9-4f91-bcdb-f3809190357e",
    "data": [
      {
        "text": "it\u0027s a ",
        "userDefined": false
      },
      {
        "text": "savings",
        "alias": "account-type",
        "meta": "@type_of_account",
        "userDefined": true
      },
      {
        "text": " ",
        "userDefined": false
      },
      {
        "text": "account",
        "meta": "@sys.ignore",
        "userDefined": true
      }
    ],
    "isTemplate": false,
    "count": 0,
    "updated": 0
  },
  {
    "id": "67c9c7ff-cde4-4a74-8ceb-58c0662f2912",
    "data": [
      {
        "text": "checking",
        "alias": "account-type",
        "meta": "@type_of_account",
        "userDefined": true
      },
      {
        "text": " ",
        "userDefined": false
      },
      {
        "text": "account",
        "meta": "@sys.ignore",
        "userDefined": false
      }
    ],
    "isTemplate": false,
    "count": 0,
    "updated": 0
  },
  {
    "id": "0434ff06-5b58-49e1-a795-e23f6f7fe3d0",
    "data": [
      {
        "text": "savings",
        "alias": "account-type",
        "meta": "@type_of_account",
        "userDefined": true
      }
    ],
    "isTemplate": false,
    "count": 0,
    "updated": 0
  },
  {
    "id": "ac5b3676-3ea3-4040-bf15-bbbd3686435d",
    "data": [
      {
        "text": "checking",
        "alias": "account-type",
        "meta": "@type_of_account",
        "userDefined": true
      }
    ],
    "isTemplate": false,
    "count": 0,
    "updated": 0
  }
]