[
  {
    "id": "07eb7626-9f82-4942-a276-e27616e76fff",
    "data": [
      {
        "text": "1784899267389",
        "alias": "number",
        "meta": "@sys.number",
        "userDefined": false
      }
    ],
    "isTemplate": false,
    "count": 0,
    "updated": 0
  },
  {
    "id": "d79691be-1f92-4f36-a29f-81b9c2627037",
    "data": [
      {
        "text": "987654321",
        "alias": "number",
        "meta": "@sys.number",
        "userDefined": false
      }
    ],
    "isTemplate": false,
    "count": 0,
    "updated": 0
  },
  {
    "id": "44280a9d-a1db-40b2-9732-263aad984d9e",
    "data": [
      {
        "text": "4000",
        "alias": "number",
        "meta": "@sys.number",
        "userDefined": false
      }
    ],
    "isTemplate": false,
    "count": 0,
    "updated": 0
  },
  {
    "id": "5c5499d2-304f-4629-95d8-16fbd4812c6f",
    "data": [
      {
        "text": "$",
        "userDefined": false
      },
      {
        "text": "12345",
        "alias": "number",
        "meta": "@sys.number",
        "userDefined": false
      }
    ],
    "isTemplate": false,
    "count": 0,
    "updated": 0
  },
  {
    "id": "13d597bb-1621-4626-a697-3d43f70b5ec8",
    "data": [
      {
        "text": "none",
        "alias": "number",
        "meta": "@sys.number",
        "userDefined": false
      }
    ],
    "isTemplate": false,
    "count": 0,
    "updated": 0
  },
  {
    "id": "f1b8bf8a-62f1-44ea-9ffd-55f7101e7cde",
    "data": [
      {
        "text": "all",
        "alias": "number",
        "meta": "@sys.number",
        "userDefined": true
      },
      {
        "text": " of it",
        "userDefined": false
      }
    ],
    "isTemplate": false,
    "count": 0,
    "updated": 0
  },
  {
    "id": "48b860bf-e99d-48ca-8f4d-065816a4361a",
    "data": [
      {
        "text": "$",
        "userDefined": false
      },
      {
        "text": "2984",
        "alias": "number",
        "meta": "@sys.number",
        "userDefined": false
      }
    ],
    "isTemplate": false,
    "count": 0,
    "updated": 0
  }
]