[
  {
    "id": "8e4efc3f-b6c9-450a-9986-ef349c5e8cc9",
    "data": [
      {
        "text": "their personal identification number is ",
        "userDefined": false
      },
      {
        "text": "13578",
        "alias": "PIN",
        "meta": "@sys.number",
        "userDefined": false
      }
    ],
    "isTemplate": false,
    "count": 0,
    "updated": 0
  },
  {
    "id": "e259684f-02eb-4220-82af-449ee1e5db56",
    "data": [
      {
        "text": "his pin is ",
        "userDefined": false
      },
      {
        "text": "09993",
        "alias": "PIN",
        "meta": "@sys.number",
        "userDefined": false
      }
    ],
    "isTemplate": false,
    "count": 0,
    "updated": 0
  },
  {
    "id": "ab4d26b3-25dc-4b72-b68a-6c545f0050be",
    "data": [
      {
        "text": "68391",
        "alias": "PIN",
        "meta": "@sys.number",
        "userDefined": false
      }
    ],
    "isTemplate": false,
    "count": 0,
    "updated": 0
  },
  {
    "id": "3bd34e19-c5ba-4ee8-ac5e-a1922400f17b",
    "data": [
      {
        "text": "09875",
        "alias": "PIN",
        "meta": "@sys.number",
        "userDefined": false
      }
    ],
    "isTemplate": false,
    "count": 0,
    "updated": 0
  },
  {
    "id": "ee7cbff2-a690-467a-96be-f5c1525028bb",
    "data": [
      {
        "text": "12345",
        "alias": "PIN",
        "meta": "@sys.number",
        "userDefined": true
      }
    ],
    "isTemplate": false,
    "count": 0,
    "updated": 0
  },
  {
    "id": "8bbe313e-ebe0-4c30-b0df-5a310bfef5cb",
    "data": [
      {
        "text": "17326",
        "alias": "PIN",
        "meta": "@sys.number",
        "userDefined": false
      }
    ],
    "isTemplate": false,
    "count": 0,
    "updated": 0
  },
  {
    "id": "151f4fd2-4f25-48bc-9c01-282b0275bfe7",
    "data": [
      {
        "text": "13579",
        "alias": "PIN",
        "meta": "@sys.number",
        "userDefined": false
      }
    ],
    "isTemplate": false,
    "count": 0,
    "updated": 0
  },
  {
    "id": "68cef0a9-21d4-469a-8700-94e25e5d7f65",
    "data": [
      {
        "text": "16894",
        "alias": "PIN",
        "meta": "@sys.number",
        "userDefined": false
      }
    ],
    "isTemplate": false,
    "count": 0,
    "updated": 0
  },
  {
    "id": "2cecf67f-5bcf-452f-9bc6-655a999d16c2",
    "data": [
      {
        "text": "142574",
        "alias": "PIN",
        "meta": "@sys.number",
        "userDefined": false
      }
    ],
    "isTemplate": false,
    "count": 0,
    "updated": 0
  },
  {
    "id": "bbede816-7e98-45f6-89f6-00ee0e764a31",
    "data": [
      {
        "text": "it\u0027s ",
        "userDefined": false
      },
      {
        "text": "54312",
        "alias": "PIN",
        "meta": "@sys.number",
        "userDefined": false
      }
    ],
    "isTemplate": false,
    "count": 0,
    "updated": 0
  },
  {
    "id": "ca169fd7-be26-44ce-92f2-d7317f5bc355",
    "data": [
      {
        "text": "her pid is ",
        "userDefined": false
      },
      {
        "text": "10293",
        "alias": "PIN",
        "meta": "@sys.number",
        "userDefined": false
      }
    ],
    "isTemplate": false,
    "count": 0,
    "updated": 0
  },
  {
    "id": "fb223fe2-5fe5-4971-89c6-445b61bcdb9a",
    "data": [
      {
        "text": "98765",
        "alias": "PIN",
        "meta": "@sys.number",
        "userDefined": false
      }
    ],
    "isTemplate": false,
    "count": 0,
    "updated": 0
  },
  {
    "id": "2ea382cf-d546-4c8c-bab0-56d3158f58a3",
    "data": [
      {
        "text": "23456",
        "alias": "PIN",
        "meta": "@sys.number",
        "userDefined": false
      }
    ],
    "isTemplate": false,
    "count": 1,
    "updated": 0
  }
]