[
  {
    "id": "c726e0dc-c8d1-44db-a5af-0518b4995503",
    "data": [
      {
        "text": "her name is ",
        "userDefined": false
      },
      {
        "text": "mariam",
        "alias": "third-party-given-name",
        "meta": "@sys.given-name",
        "userDefined": false
      },
      {
        "text": " ",
        "userDefined": false
      },
      {
        "text": "fritz",
        "alias": "third-party-last-name",
        "meta": "@sys.last-name",
        "userDefined": false
      }
    ],
    "isTemplate": false,
    "count": 0,
    "updated": 0
  },
  {
    "id": "3bc9a6f7-475d-42ad-a3b5-07cfde49e4cb",
    "data": [
      {
        "text": "olivia",
        "alias": "third-party-given-name",
        "meta": "@sys.given-name",
        "userDefined": false
      },
      {
        "text": " ",
        "userDefined": false
      },
      {
        "text": "haas",
        "alias": "third-party-last-name",
        "meta": "@sys.last-name",
        "userDefined": false
      }
    ],
    "isTemplate": false,
    "count": 0,
    "updated": 0
  },
  {
    "id": "3038601b-573b-4b41-a0e0-f37a291cd020",
    "data": [
      {
        "text": "grayson",
        "alias": "third-party-given-name",
        "meta": "@sys.given-name",
        "userDefined": true
      },
      {
        "text": " ",
        "userDefined": false
      },
      {
        "text": "massey",
        "alias": "third-party-last-name",
        "meta": "@sys.last-name",
        "userDefined": false
      }
    ],
    "isTemplate": false,
    "count": 0,
    "updated": 0
  },
  {
    "id": "80555862-d29a-4b2a-bb21-ab9dde88de09",
    "data": [
      {
        "text": "alexandra",
        "alias": "third-party-given-name",
        "meta": "@sys.given-name",
        "userDefined": false
      },
      {
        "text": " ",
        "userDefined": false
      },
      {
        "text": "patel",
        "alias": "third-party-last-name",
        "meta": "@sys.last-name",
        "userDefined": false
      }
    ],
    "isTemplate": false,
    "count": 0,
    "updated": 0
  },
  {
    "id": "5dabbd05-08e6-46a3-bf70-6d4b1f0e2618",
    "data": [
      {
        "text": "his ",
        "userDefined": false
      },
      {
        "text": "name",
        "meta": "@sys.ignore",
        "userDefined": false
      },
      {
        "text": " is ",
        "userDefined": false
      },
      {
        "text": "michael",
        "alias": "third-party-given-name",
        "meta": "@sys.given-name",
        "userDefined": false
      },
      {
        "text": " ",
        "userDefined": false
      },
      {
        "text": "kim",
        "alias": "third-party-last-name",
        "meta": "@sys.last-name",
        "userDefined": false
      }
    ],
    "isTemplate": false,
    "count": 0,
    "updated": 0
  },
  {
    "id": "5425a04f-1298-4569-a994-5ef26754f4da",
    "data": [
      {
        "text": "john",
        "alias": "third-party-given-name",
        "meta": "@sys.given-name",
        "userDefined": false
      },
      {
        "text": " ",
        "userDefined": false
      },
      {
        "text": "smith",
        "alias": "third-party-last-name",
        "meta": "@sys.last-name",
        "userDefined": false
      }
    ],
    "isTemplate": false,
    "count": 0,
    "updated": 0
  },
  {
    "id": "7490836d-bf31-406a-8975-90df22109d62",
    "data": [
      {
        "text": "laura",
        "alias": "third-party-given-name",
        "meta": "@sys.given-name",
        "userDefined": false
      },
      {
        "text": " ",
        "userDefined": false
      },
      {
        "text": "randall",
        "alias": "third-party-last-name",
        "meta": "@sys.last-name",
        "userDefined": false
      }
    ],
    "isTemplate": false,
    "count": 0,
    "updated": 0
  }
]