[
  {
    "id": "73fc5817-257c-42a8-8950-d33b29c26bc5",
    "data": [
      {
        "text": "0821349532",
        "alias": "phone-number",
        "meta": "@sys.phone-number",
        "userDefined": false
      }
    ],
    "isTemplate": false,
    "count": 0,
    "updated": 0
  },
  {
    "id": "a1619e61-dad7-4e2e-b09b-975a22fba72b",
    "data": [
      {
        "text": "it\u0027s ",
        "userDefined": false
      },
      {
        "text": "918-283-4855",
        "alias": "phone-number",
        "meta": "@sys.phone-number",
        "userDefined": false
      }
    ],
    "isTemplate": false,
    "count": 0,
    "updated": 0
  },
  {
    "id": "d1178e8b-7e0b-4d32-9156-35f73aae4ba6",
    "data": [
      {
        "text": "her phone number is ",
        "userDefined": false
      },
      {
        "text": "123-456-7890",
        "alias": "phone-number",
        "meta": "@sys.phone-number",
        "userDefined": false
      }
    ],
    "isTemplate": false,
    "count": 0,
    "updated": 0
  },
  {
    "id": "aa479429-d270-40e7-972f-a7d9bf29ff1a",
    "data": [
      {
        "text": "734-111-2222",
        "alias": "phone-number",
        "meta": "@sys.phone-number",
        "userDefined": true
      }
    ],
    "isTemplate": false,
    "count": 0,
    "updated": 0
  },
  {
    "id": "d8c0ab42-1405-4fc9-b431-204d1c9949f1",
    "data": [
      {
        "text": "248-528-1234",
        "alias": "phone-number",
        "meta": "@sys.phone-number",
        "userDefined": true
      }
    ],
    "isTemplate": false,
    "count": 0,
    "updated": 0
  },
  {
    "id": "d242a43d-4f38-4813-94e9-562e14cedd4f",
    "data": [
      {
        "text": "123456789",
        "alias": "phone-number",
        "meta": "@sys.phone-number",
        "userDefined": false
      }
    ],
    "isTemplate": false,
    "count": 0,
    "updated": 0
  },
  {
    "id": "3b75868a-517b-4b93-8bcb-c66de54d9ee9",
    "data": [
      {
        "text": "2481234567",
        "alias": "phone-number",
        "meta": "@sys.phone-number",
        "userDefined": false
      }
    ],
    "isTemplate": false,
    "count": 0,
    "updated": 0
  }
]