[
  {
    "value": "single",
    "synonyms": [
      "single",
      "not married",
      "filing alone",
      "filing by myself",
      "filing for myself",
      "filing just for me",
      "unwed",
      "alone",
      "divorced not remarried",
      "unmarried",
      "very single"
    ]
  },
  {
    "value": "married filing jointly",
    "synonyms": [
      "married filing jointly",
      "filing with my spouse",
      "filing with my wife",
      "filing with my husband",
      "married and filing jointly",
      "married and filing with my spouse",
      "married and filing with my wife",
      "married and filing with my husband",
      "married and filing together",
      "married filing together",
      "filing together",
      "doing taxes together",
      "mfj",
      "MFJ",
      "married fj",
      "filing jointly"
    ]
  },
  {
    "value": "married filing separately",
    "synonyms": [
      "married filing separately",
      "married but not filing together",
      "married and filing separately",
      "married and not filing together",
      "married but filing separately",
      "married but we\u0027re not filing together",
      "married but we\u0027re filing separately",
      "MFS",
      "mfs",
      "married fs",
      "filing separetly",
      "not filing together"
    ]
  },
  {
    "value": "head of household",
    "synonyms": [
      "head of household",
      "HOH",
      "head of family",
      "filing for entire family"
    ]
  },
  {
    "value": "qualifying widow",
    "synonyms": [
      "qualifying widow",
      "dead spouse",
      "deceased wife",
      "deceased husband",
      "deceased spouse",
      "dead partner",
      "dead wife",
      "dead husband",
      "qw"
    ]
  }
]