[
  {
    "value": "waiter",
    "synonyms": [
      "waiter"
    ]
  },
  {
    "value": "professor",
    "synonyms": [
      "professor"
    ]
  },
  {
    "value": "plumber",
    "synonyms": [
      "plumber"
    ]
  },
  {
    "value": "electrician",
    "synonyms": [
      "electrician"
    ]
  },
  {
    "value": "teacher",
    "synonyms": [
      "teacher",
      "elementary school teacher",
      "high school teacher",
      "middle school teacher",
      "math teacher",
      "English teacher",
      "Spanish teacher",
      "history teacher",
      "social studies teacher",
      "writing teacher",
      "science teacher",
      "drama teacher",
      "fine arts teacher",
      "music teacher"
    ]
  },
  {
    "value": "student",
    "synonyms": [
      "student",
      "undergrad",
      "undergraduate student",
      "grad student",
      "graduate student",
      "PhD student",
      "master\u0027s student",
      "medical school student",
      "med student",
      "law student"
    ]
  },
  {
    "value": "doctor",
    "synonyms": [
      "doctor",
      "physician",
      "MD",
      "DO",
      "primary care physician",
      "surgeon",
      "radiologist",
      "pediatrician"
    ]
  },
  {
    "value": "lawyer",
    "synonyms": [
      "lawyer",
      "attorney"
    ]
  },
  {
    "value": "accountant",
    "synonyms": [
      "accountant",
      "CPA"
    ]
  },
  {
    "value": "waitress",
    "synonyms": [
      "waitress",
      "server",
      "waiter",
      "food server"
    ]
  },
  {
    "value": "animal trainer",
    "synonyms": [
      "animal trainer"
    ]
  },
  {
    "value": "librarian",
    "synonyms": [
      "librarian"
    ]
  },
  {
    "value": "musician",
    "synonyms": [
      "musician",
      "musical artist"
    ]
  },
  {
    "value": "nurse",
    "synonyms": [
      "nurse"
    ]
  },
  {
    "value": "engineer",
    "synonyms": [
      "engineer",
      "civil engineer",
      "mechanical engineer",
      "environmental engineer",
      "product engineer"
    ]
  },
  {
    "value": "computer scientist",
    "synonyms": [
      "computer scientist",
      "programmer",
      "coder"
    ]
  },
  {
    "value": "researcher",
    "synonyms": [
      "researcher",
      "PI",
      "principal investigator"
    ]
  },
  {
    "value": "artist",
    "synonyms": [
      "artist"
    ]
  },
  {
    "value": "painter",
    "synonyms": [
      "painter"
    ]
  },
  {
    "value": "clerk",
    "synonyms": [
      "clerk"
    ]
  },
  {
    "value": "linguist",
    "synonyms": [
      "linguist"
    ]
  },
  {
    "value": "pilot",
    "synonyms": [
      "pilot"
    ]
  },
  {
    "value": "driver",
    "synonyms": [
      "driver"
    ]
  },
  {
    "value": "officer",
    "synonyms": [
      "officer"
    ]
  },
  {
    "value": "vet",
    "synonyms": [
      "vet"
    ]
  },
  {
    "value": "designer",
    "synonyms": [
      "designer"
    ]
  },
  {
    "value": "salesman",
    "synonyms": [
      "salesman"
    ]
  },
  {
    "value": "sales",
    "synonyms": [
      "sales"
    ]
  },
  {
    "value": "manager",
    "synonyms": [
      "manager"
    ]
  },
  {
    "value": "maid",
    "synonyms": [
      "maid"
    ]
  },
  {
    "value": "economist",
    "synonyms": [
      "economist"
    ]
  },
  {
    "value": "consultant",
    "synonyms": [
      "consultant"
    ]
  },
  {
    "value": "advisor",
    "synonyms": [
      "advisor"
    ]
  },
  {
    "value": "mechanic",
    "synonyms": [
      "mechanic"
    ]
  },
  {
    "value": "government employee",
    "synonyms": [
      "government"
    ]
  },
  {
    "value": "technician",
    "synonyms": [
      "technician"
    ]
  },
  {
    "value": "interpreter",
    "synonyms": [
      "interpreter"
    ]
  },
  {
    "value": "administrator",
    "synonyms": [
      "administrator"
    ]
  },
  {
    "value": "ceo",
    "synonyms": [
      "ceo"
    ]
  },
  {
    "value": "president",
    "synonyms": [
      "president"
    ]
  },
  {
    "value": "secretary",
    "synonyms": [
      "secretary"
    ]
  },
  {
    "value": "specialist",
    "synonyms": [
      "specialist"
    ]
  },
  {
    "value": "lawyer",
    "synonyms": [
      "lawyer"
    ]
  },
  {
    "value": "surgeon",
    "synonyms": [
      "surgeon"
    ]
  },
  {
    "value": "unemployed",
    "synonyms": [
      "unemployed",
      "don\u0027t have a job",
      "no job",
      "out of work",
      "I don\u0027t have a job",
      "laid off",
      "got fired"
    ]
  },
  {
    "value": "chef",
    "synonyms": [
      "chef"
    ]
  },
  {
    "value": "cook",
    "synonyms": [
      "cook"
    ]
  },
  {
    "value": "attendant",
    "synonyms": [
      "attendant"
    ]
  },
  {
    "value": "writer",
    "synonyms": [
      "writer"
    ]
  },
  {
    "value": "novelist",
    "synonyms": [
      "novelist"
    ]
  },
  {
    "value": "therapist",
    "synonyms": [
      "therapist"
    ]
  },
  {
    "value": "inspector",
    "synonyms": [
      "inspector"
    ]
  },
  {
    "value": "farmer",
    "synonyms": [
      "farmer"
    ]
  },
  {
    "value": "operator",
    "synonyms": [
      "operator"
    ]
  }
]