[
  {
    "value": "2123 Winchester Lane",
    "synonyms": [
      "2123 Winchester Lane"
    ]
  },
  {
    "value": "[0-9]{1-6} [[a-zA-Z]+[\\\\s]?]+ street [apt]?",
    "synonyms": [
      "[0-9]{1-6} [[a-zA-Z]+[\\\\s]?]+ street [apt]?"
    ]
  },
  {
    "value": "[0-9]{1-6} [[a-zA-Z]+[\\\\s]?]+ road [apt]?",
    "synonyms": [
      "[0-9]{1-6} [[a-zA-Z]+[\\\\s]?]+ road [apt]?"
    ]
  },
  {
    "value": "[0-9]{1-6} [[a-zA-Z]+[\\\\s]?]+ lane [apt]?",
    "synonyms": [
      "[0-9]{1-6} [[a-zA-Z]+[\\\\s]?]+ lane [apt]?"
    ]
  },
  {
    "value": "[0-9]{1-5} [[a-zA-Z]+[\\\\s]?]+ avenue [apt]?",
    "synonyms": [
      "[0-9]{1-5} [[a-zA-Z]+[\\\\s]?]+ avenue [apt]?"
    ]
  },
  {
    "value": "[0-9]{1-5} [[a-zA-Z]+[\\\\s]?]+ ave [apt]?",
    "synonyms": [
      "[0-9]{1-5} [[a-zA-Z]+[\\\\s]?]+ ave [apt]?"
    ]
  },
  {
    "value": "5494 shale drive",
    "synonyms": [
      "5494 shale drive"
    ]
  },
  {
    "value": "[0-9]{1-5} [[a-zA-Z]+[\\\\s]?]+ drive [apt]?",
    "synonyms": [
      "[0-9]{1-5} [[a-zA-Z]+[\\\\s]?]+ drive [apt]?"
    ]
  },
  {
    "value": "[0-9]{1-5} [[a-zA-Z]+[\\\\s]?]+ court [apt]?",
    "synonyms": [
      "[0-9]{1-5} [[a-zA-Z]+[\\\\s]?]+ court [apt]?"
    ]
  },
  {
    "value": "[0-9]{1-5} [[a-zA-Z]+[\\\\s]?]+ ct [apt]?",
    "synonyms": [
      "[0-9]{1-5} [[a-zA-Z]+[\\\\s]?]+ ct [apt]?"
    ]
  },
  {
    "value": "[0-9]{1-5} [[a-zA-Z]+[\\\\s]?]+ dr [apt]?",
    "synonyms": [
      "[0-9]{1-5} [[a-zA-Z]+[\\\\s]?]+ dr [apt]?"
    ]
  },
  {
    "value": "[0-9]{1-5} [[a-zA-Z]+[\\\\s]?]+ st [apt]?",
    "synonyms": [
      "[0-9]{1-5} [[a-zA-Z]+[\\\\s]?]+ st [apt]?"
    ]
  },
  {
    "value": "562 Valley Farms St",
    "synonyms": [
      "562 Valley Farms St"
    ]
  },
  {
    "value": "2 West New Saddle Dr",
    "synonyms": [
      "2 West New Saddle Dr"
    ]
  },
  {
    "value": "7109 Oxford St",
    "synonyms": [
      "7109 Oxford St"
    ]
  },
  {
    "value": "4 Henry St",
    "synonyms": [
      "4 Henry St"
    ]
  }
]