[
  {
    "value": "Ko",
    "synonyms": [
      "Ko"
    ]
  },
  {
    "value": "Volkovich",
    "synonyms": [
      "Volkovich"
    ]
  },
  {
    "value": "Zeeber",
    "synonyms": [
      "Zeeber"
    ]
  },
  {
    "value": "Stern",
    "synonyms": [
      "Stern"
    ]
  },
  {
    "value": "Laughlin",
    "synonyms": [
      "Laughlin"
    ]
  },
  {
    "value": "Bloomberg",
    "synonyms": [
      "Bloomberg"
    ]
  },
  {
    "value": "Katic",
    "synonyms": [
      "Katic"
    ]
  },
  {
    "value": "Chopra",
    "synonyms": [
      "Chopra"
    ]
  },
  {
    "value": "Raman",
    "synonyms": [
      "Raman"
    ]
  },
  {
    "value": "Aniston",
    "synonyms": [
      "Aniston"
    ]
  },
  {
    "value": "Kudrow",
    "synonyms": [
      "Kudrow"
    ]
  },
  {
    "value": "Witowski",
    "synonyms": [
      "Witowski"
    ]
  },
  {
    "value": "Haldar",
    "synonyms": [
      "Haldar"
    ]
  },
  {
    "value": "Platten",
    "synonyms": [
      "Platten"
    ]
  },
  {
    "value": "Nolta",
    "synonyms": [
      "Nolta"
    ]
  },
  {
    "value": "Thorton",
    "synonyms": [
      "Thorton"
    ]
  },
  {
    "value": "Lazar",
    "synonyms": [
      "Lazar"
    ]
  },
  {
    "value": "Sun",
    "synonyms": [
      "Sun"
    ]
  },
  {
    "value": "Lombardi",
    "synonyms": [
      "Lombardi"
    ]
  },
  {
    "value": "Gawel",
    "synonyms": [
      "Gawel"
    ]
  },
  {
    "value": "Philange",
    "synonyms": [
      "Philange"
    ]
  },
  {
    "value": "Malek",
    "synonyms": [
      "Malek"
    ]
  },
  {
    "value": "Geeman",
    "synonyms": [
      "Geeman"
    ]
  },
  {
    "value": "Ahluwalia",
    "synonyms": [
      "Ahluwalia"
    ]
  },
  {
    "value": "kang",
    "synonyms": [
      "kang"
    ]
  },
  {
    "value": "Deweson",
    "synonyms": [
      "Deweson"
    ]
  },
  {
    "value": "Daigo",
    "synonyms": [
      "Daigo"
    ]
  },
  {
    "value": "Geller",
    "synonyms": [
      "Geller"
    ]
  },
  {
    "value": "Wawel",
    "synonyms": [
      "Wawel"
    ]
  },
  {
    "value": "Mulaney",
    "synonyms": [
      "Mulaney"
    ]
  },
  {
    "value": "Ylisov",
    "synonyms": [
      "Ylisov"
    ]
  },
  {
    "value": "Hawkings",
    "synonyms": [
      "Hawkings"
    ]
  },
  {
    "value": "Nayak",
    "synonyms": [
      "Nayak"
    ]
  },
  {
    "value": "haydn",
    "synonyms": [
      "haydn"
    ]
  },
  {
    "value": "Skywalker",
    "synonyms": [
      "Skywalker"
    ]
  },
  {
    "value": "kim",
    "synonyms": [
      "kim"
    ]
  },
  {
    "value": "Mars",
    "synonyms": [
      "Mars"
    ]
  },
  {
    "value": "Cartier",
    "synonyms": [
      "Cartier"
    ]
  },
  {
    "value": "ivanova",
    "synonyms": [
      "ivanova"
    ]
  },
  {
    "value": "Riviere",
    "synonyms": [
      "Riviere"
    ]
  },
  {
    "value": "Devraj",
    "synonyms": [
      "Devraj"
    ]
  },
  {
    "value": "Leaper",
    "synonyms": [
      "Leaper"
    ]
  },
  {
    "value": "Curie",
    "synonyms": [
      "Curie"
    ]
  },
  {
    "value": "Farishtra",
    "synonyms": [
      "Farishtra"
    ]
  },
  {
    "value": "key",
    "synonyms": [
      "key"
    ]
  },
  {
    "value": "Rootman",
    "synonyms": [
      "Rootman"
    ]
  },
  {
    "value": "Trubisky",
    "synonyms": [
      "Trubisky"
    ]
  },
  {
    "value": "Kubrik",
    "synonyms": [
      "Kubrik"
    ]
  },
  {
    "value": "Stein",
    "synonyms": [
      "Stein"
    ]
  },
  {
    "value": "Polk",
    "synonyms": [
      "Polk"
    ]
  },
  {
    "value": "Constantino",
    "synonyms": [
      "Constantino"
    ]
  },
  {
    "value": "Bay",
    "synonyms": [
      "Bay"
    ]
  }
]