[
  {
    "value": "22",
    "synonyms": [
      "22",
      "twenty-two",
      "twenty two"
    ]
  },
  {
    "value": "23",
    "synonyms": [
      "23",
      "twenty-three",
      "twenty three"
    ]
  },
  {
    "value": "24",
    "synonyms": [
      "24",
      "twenty-four",
      "twenty four"
    ]
  },
  {
    "value": "25",
    "synonyms": [
      "25",
      "twenty-five",
      "twenty five"
    ]
  },
  {
    "value": "26",
    "synonyms": [
      "26",
      "twenty-six",
      "twenty six"
    ]
  },
  {
    "value": "27",
    "synonyms": [
      "27",
      "twenty-seven",
      "twenty seven"
    ]
  },
  {
    "value": "28",
    "synonyms": [
      "28",
      "twenty-eight",
      "twenty eight"
    ]
  },
  {
    "value": "29",
    "synonyms": [
      "29",
      "twenty-nine",
      "twenty nine"
    ]
  },
  {
    "value": "50",
    "synonyms": [
      "50",
      "fifty"
    ]
  },
  {
    "value": "30",
    "synonyms": [
      "30",
      "thirty"
    ]
  },
  {
    "value": "10",
    "synonyms": [
      "10",
      "ten"
    ]
  },
  {
    "value": "11",
    "synonyms": [
      "11",
      "eleven"
    ]
  },
  {
    "value": "all",
    "synonyms": [
      "all"
    ]
  },
  {
    "value": "12",
    "synonyms": [
      "12",
      "twelve"
    ]
  },
  {
    "value": "13",
    "synonyms": [
      "13",
      "thirteen"
    ]
  },
  {
    "value": "14",
    "synonyms": [
      "14",
      "fourteen",
      "forteen"
    ]
  },
  {
    "value": "15",
    "synonyms": [
      "15",
      "fifteen"
    ]
  },
  {
    "value": "16",
    "synonyms": [
      "16",
      "sixteen"
    ]
  },
  {
    "value": "17",
    "synonyms": [
      "17",
      "seventeen"
    ]
  },
  {
    "value": "18",
    "synonyms": [
      "18",
      "eighteen"
    ]
  },
  {
    "value": "19",
    "synonyms": [
      "19",
      "nineteen"
    ]
  },
  {
    "value": "0",
    "synonyms": [
      "0",
      "no",
      "don\u0027t have any",
      "none",
      "nothing",
      "didn\u0027t give",
      "didn\u0027t give anything",
      "didn\u0027t",
      "didn\u0027t donate",
      "did not donate",
      "zilch",
      "nil"
    ]
  },
  {
    "value": "1",
    "synonyms": [
      "one",
      "1"
    ]
  },
  {
    "value": "2",
    "synonyms": [
      "two",
      "2"
    ]
  },
  {
    "value": "3",
    "synonyms": [
      "three",
      "3"
    ]
  },
  {
    "value": "4",
    "synonyms": [
      "4",
      "four"
    ]
  },
  {
    "value": "5",
    "synonyms": [
      "5",
      "five"
    ]
  },
  {
    "value": "6",
    "synonyms": [
      "6",
      "six"
    ]
  },
  {
    "value": "7",
    "synonyms": [
      "7",
      "seven"
    ]
  },
  {
    "value": "8",
    "synonyms": [
      "8",
      "eight"
    ]
  },
  {
    "value": "9",
    "synonyms": [
      "9",
      "nine"
    ]
  },
  {
    "value": "60",
    "synonyms": [
      "sixty",
      "60"
    ]
  },
  {
    "value": "40",
    "synonyms": [
      "40",
      "forty",
      "fourty"
    ]
  },
  {
    "value": "20",
    "synonyms": [
      "20",
      "twenty"
    ]
  },
  {
    "value": "21",
    "synonyms": [
      "21",
      "twenty-one",
      "twenty one"
    ]
  },
  {
    "value": "all",
    "synonyms": [
      "all",
      "all of it",
      "everything"
    ]
  }
]