[
  {
    "value": "Aidy",
    "synonyms": [
      "Aidy"
    ]
  },
  {
    "value": "Chloe-Ann",
    "synonyms": [
      "Chloe-Ann"
    ]
  },
  {
    "value": "Ilya",
    "synonyms": [
      "Ilya"
    ]
  },
  {
    "value": "Fillmore",
    "synonyms": [
      "Fillmore"
    ]
  },
  {
    "value": "Rishabh",
    "synonyms": [
      "Rishabh"
    ]
  },
  {
    "value": "Vinny",
    "synonyms": [
      "Vinny"
    ]
  },
  {
    "value": "Samual",
    "synonyms": [
      "Samual"
    ]
  },
  {
    "value": "Francois",
    "synonyms": [
      "Francois"
    ]
  },
  {
    "value": "wasim",
    "synonyms": [
      "wasim"
    ]
  },
  {
    "value": "Eulyeon",
    "synonyms": [
      "Eulyeon"
    ]
  },
  {
    "value": "Florian",
    "synonyms": [
      "Florian"
    ]
  },
  {
    "value": "Vinod",
    "synonyms": [
      "Vinod"
    ]
  },
  {
    "value": "Kajol",
    "synonyms": [
      "Kajol"
    ]
  },
  {
    "value": "Daigo",
    "synonyms": [
      "Daigo"
    ]
  }
]