[
  {
    "value": "annuity",
    "synonyms": [
      "annuity",
      "annuities"
    ]
  },
  {
    "value": "dual-status alien",
    "synonyms": [
      "dual-status alien"
    ]
  },
  {
    "value": "pension",
    "synonyms": [
      "pension"
    ]
  },
  {
    "value": "earned income credit",
    "synonyms": [
      "earned income credit",
      "EIC"
    ]
  },
  {
    "value": "IRA distributions",
    "synonyms": [
      "IRA distributions"
    ]
  },
  {
    "value": "qualified dividends",
    "synonyms": [
      "qualified dividends"
    ]
  },
  {
    "value": "capital gain",
    "synonyms": [
      "capital gain"
    ]
  },
  {
    "value": "capital loss",
    "synonyms": [
      "capital loss"
    ]
  },
  {
    "value": "routing number",
    "synonyms": [
      "routing number"
    ]
  },
  {
    "value": "account number",
    "synonyms": [
      "account number"
    ]
  },
  {
    "value": "american opportunity credit",
    "synonyms": [
      "american opportunity credit"
    ]
  },
  {
    "value": "child tax credit",
    "synonyms": [
      "child tax credit"
    ]
  },
  {
    "value": "estimated tax penalty",
    "synonyms": [
      "estimated tax penalty"
    ]
  },
  {
    "value": "direct deposit",
    "synonyms": [
      "direct deposit"
    ]
  },
  {
    "value": "third party designee",
    "synonyms": [
      "third party designee"
    ]
  },
  {
    "value": "head of household",
    "synonyms": [
      "head of household"
    ]
  },
  {
    "value": "qualifying widower",
    "synonyms": [
      "qualifying widower"
    ]
  },
  {
    "value": "adjusted gross income",
    "synonyms": [
      "adjusted gross income"
    ]
  },
  {
    "value": "standard deduction",
    "synonyms": [
      "standard deduction"
    ]
  },
  {
    "value": "itemized deduction",
    "synonyms": [
      "itemized deduction"
    ]
  },
  {
    "value": "tax",
    "synonyms": [
      "tax",
      "earned income tax"
    ]
  },
  {
    "value": "filing status",
    "synonyms": [
      "filing status"
    ]
  },
  {
    "value": "advanced earned income credit",
    "synonyms": [
      "advanced earned income credit"
    ]
  },
  {
    "value": "adoption credit",
    "synonyms": [
      "adoption credit"
    ]
  },
  {
    "value": "american opportunity credit",
    "synonyms": [
      "american opportunity credit"
    ]
  },
  {
    "value": "audit",
    "synonyms": [
      "audit"
    ]
  },
  {
    "value": "casualty loss",
    "synonyms": [
      "casualty loss"
    ]
  },
  {
    "value": "deduction",
    "synonyms": [
      "deduction"
    ]
  },
  {
    "value": "depreciation",
    "synonyms": [
      "depreciation"
    ]
  },
  {
    "value": "gross income",
    "synonyms": [
      "gross income"
    ]
  }
]