[
  {
    "value": "P.O. Box",
    "synonyms": [
      "P.O. Box",
      "post office box"
    ]
  },
  {
    "value": "foreign address",
    "synonyms": [
      "foreign address"
    ]
  },
  {
    "value": "child tax credit",
    "synonyms": [
      "child tax credit"
    ]
  },
  {
    "value": "credit for other dependents",
    "synonyms": [
      "credit for other dependents"
    ]
  },
  {
    "value": "standard deduction",
    "synonyms": [
      "standard deduction"
    ]
  },
  {
    "value": "more than four dependents",
    "synonyms": [
      "more than four dependents"
    ]
  },
  {
    "value": "dependents",
    "synonyms": [
      "children",
      "kids"
    ]
  },
  {
    "value": "discolsure, privacy act, and paperwork reduction act notice",
    "synonyms": [
      "discolsure, privacy act, and paperwork reduction act notice"
    ]
  },
  {
    "value": "nontaxable combat pay",
    "synonyms": [
      "nontaxable combat pay"
    ]
  },
  {
    "value": "direct deposit",
    "synonyms": [
      "direct deposit"
    ]
  },
  {
    "value": "how to pay",
    "synonyms": [
      "how to pay",
      "amount I owe"
    ]
  },
  {
    "value": "estimated tax penalty",
    "synonyms": [
      "estimated tax penalty"
    ]
  },
  {
    "value": "discuss this return with the IRS",
    "synonyms": [
      "discuss this return with the IRS"
    ]
  },
  {
    "value": "joint return",
    "synonyms": [
      "joint return"
    ]
  }
]